-- MySQL dump 10.13  Distrib 5.7.30, for Linux (x86_64)
--
-- Host: localhost    Database: vk
-- ------------------------------------------------------
-- Server version	5.7.30-0ubuntu0.16.04.1

/*!40101 SET @OLD_CHARACTER_SET_CLIENT=@@CHARACTER_SET_CLIENT */;
/*!40101 SET @OLD_CHARACTER_SET_RESULTS=@@CHARACTER_SET_RESULTS */;
/*!40101 SET @OLD_COLLATION_CONNECTION=@@COLLATION_CONNECTION */;
/*!40101 SET NAMES utf8 */;
/*!40103 SET @OLD_TIME_ZONE=@@TIME_ZONE */;
/*!40103 SET TIME_ZONE='+00:00' */;
/*!40014 SET @OLD_UNIQUE_CHECKS=@@UNIQUE_CHECKS, UNIQUE_CHECKS=0 */;
/*!40014 SET @OLD_FOREIGN_KEY_CHECKS=@@FOREIGN_KEY_CHECKS, FOREIGN_KEY_CHECKS=0 */;
/*!40101 SET @OLD_SQL_MODE=@@SQL_MODE, SQL_MODE='NO_AUTO_VALUE_ON_ZERO' */;
/*!40111 SET @OLD_SQL_NOTES=@@SQL_NOTES, SQL_NOTES=0 */;

--
-- Table structure for table `communities`
--

DROP TABLE IF EXISTS `communities`;
/*!40101 SET @saved_cs_client     = @@character_set_client */;
/*!40101 SET character_set_client = utf8 */;
CREATE TABLE `communities` (
  `id` bigint(20) unsigned NOT NULL AUTO_INCREMENT,
  `name` varchar(150) DEFAULT NULL,
  PRIMARY KEY (`id`),
  UNIQUE KEY `id` (`id`),
  KEY `communities_name_idx` (`name`)
) ENGINE=InnoDB AUTO_INCREMENT=101 DEFAULT CHARSET=latin1;
/*!40101 SET character_set_client = @saved_cs_client */;

--
-- Dumping data for table `communities`
--

LOCK TABLES `communities` WRITE;
/*!40000 ALTER TABLE `communities` DISABLE KEYS */;
INSERT INTO `communities` VALUES (11,'ab'),(100,'ad'),(77,'aliquid'),(17,'asperiores'),(46,'asperiores'),(85,'asperiores'),(14,'at'),(29,'at'),(69,'autem'),(23,'beatae'),(52,'commodi'),(37,'corrupti'),(53,'cum'),(7,'cumque'),(3,'debitis'),(89,'delectus'),(78,'deserunt'),(2,'dignissimos'),(27,'dolor'),(67,'dolor'),(83,'dolorem'),(18,'dolores'),(22,'dolores'),(90,'doloribus'),(65,'ea'),(49,'eaque'),(48,'earum'),(19,'eius'),(24,'est'),(12,'et'),(26,'et'),(60,'et'),(66,'et'),(80,'eum'),(95,'eum'),(93,'exercitationem'),(75,'expedita'),(9,'explicabo'),(56,'explicabo'),(39,'facilis'),(84,'facilis'),(50,'fugiat'),(34,'harum'),(38,'hic'),(63,'itaque'),(42,'iure'),(32,'iusto'),(35,'laborum'),(73,'magnam'),(99,'magnam'),(88,'minus'),(96,'molestias'),(92,'necessitatibus'),(64,'nesciunt'),(98,'nihil'),(43,'nostrum'),(79,'nostrum'),(36,'odio'),(44,'odio'),(94,'odio'),(16,'omnis'),(40,'omnis'),(20,'pariatur'),(1,'perspiciatis'),(59,'perspiciatis'),(41,'placeat'),(81,'possimus'),(70,'praesentium'),(33,'quasi'),(6,'quia'),(13,'quia'),(58,'quia'),(61,'quia'),(74,'quia'),(30,'quidem'),(8,'quis'),(10,'quis'),(15,'quis'),(54,'ratione'),(4,'recusandae'),(55,'repellat'),(28,'reprehenderit'),(45,'repudiandae'),(25,'sapiente'),(31,'sapiente'),(21,'sit'),(57,'sit'),(71,'suscipit'),(87,'suscipit'),(97,'tempora'),(5,'temporibus'),(86,'tenetur'),(91,'totam'),(82,'ut'),(47,'vel'),(62,'velit'),(76,'vitae'),(51,'voluptatem'),(72,'voluptatem'),(68,'voluptates');
/*!40000 ALTER TABLE `communities` ENABLE KEYS */;
UNLOCK TABLES;

--
-- Table structure for table `friend_requests`
--

DROP TABLE IF EXISTS `friend_requests`;
/*!40101 SET @saved_cs_client     = @@character_set_client */;
/*!40101 SET character_set_client = utf8 */;
CREATE TABLE `friend_requests` (
  `initiator_user_id` bigint(20) unsigned NOT NULL,
  `target_user_id` bigint(20) unsigned NOT NULL,
  `status` enum('requested','approved','unfriended','declined') DEFAULT NULL,
  `requested_at` datetime DEFAULT CURRENT_TIMESTAMP,
  `confirmed_at` datetime DEFAULT NULL,
  PRIMARY KEY (`initiator_user_id`,`target_user_id`),
  KEY `initiator_user_id` (`initiator_user_id`),
  KEY `target_user_id` (`target_user_id`),
  CONSTRAINT `friend_requests_ibfk_1` FOREIGN KEY (`initiator_user_id`) REFERENCES `users` (`id`),
  CONSTRAINT `friend_requests_ibfk_2` FOREIGN KEY (`target_user_id`) REFERENCES `users` (`id`)
) ENGINE=InnoDB DEFAULT CHARSET=latin1;
/*!40101 SET character_set_client = @saved_cs_client */;

--
-- Dumping data for table `friend_requests`
--

LOCK TABLES `friend_requests` WRITE;
/*!40000 ALTER TABLE `friend_requests` DISABLE KEYS */;
INSERT INTO `friend_requests` VALUES (1,1,'declined','1992-11-22 08:48:03','1984-01-11 17:44:46'),(2,1,'approved','2001-08-18 01:08:51','2011-08-09 14:34:40'),(2,2,'approved','2011-04-08 13:36:58','1988-05-25 04:29:10'),(3,1,'requested','2001-04-11 04:50:25','2011-09-11 00:57:30'),(3,3,'approved','2002-08-09 10:07:59','1973-07-10 21:07:45'),(4,4,'requested','2017-10-28 17:16:57','1971-10-20 03:22:13'),(5,1,'approved','2004-12-05 04:37:41','1990-04-11 23:53:58'),(6,1,'approved','1995-02-16 10:55:44','1994-03-12 21:38:31'),(7,7,'declined','1985-01-13 10:58:48','1980-11-10 17:48:30'),(8,8,'approved','1999-10-26 20:48:12','1977-11-28 05:26:41'),(9,9,'declined','1995-09-02 22:13:31','1976-06-02 13:17:45'),(10,10,'approved','2004-06-27 03:46:58','1986-01-04 23:45:14'),(11,11,'requested','2009-05-24 10:17:37','2009-08-31 15:11:05'),(12,12,'declined','2018-11-12 14:23:39','2010-12-06 00:15:45'),(13,13,'requested','1985-10-11 05:55:05','2005-03-11 10:39:15'),(14,14,'declined','1976-10-01 04:00:18','1974-05-27 11:24:49'),(15,1,'declined','2019-11-12 18:07:33','1996-09-30 18:12:46'),(16,1,'approved','2011-08-31 07:00:29','2014-03-22 17:20:21'),(17,17,'requested','1974-10-03 09:44:48','2008-08-07 21:34:51'),(18,18,'requested','2015-06-06 04:07:17','2003-06-16 23:24:31'),(19,19,'declined','1976-02-28 19:53:14','2006-08-23 23:31:48'),(21,21,'declined','1994-04-05 15:12:46','2008-02-05 13:35:37'),(22,22,'declined','1972-10-13 11:20:03','1991-08-29 16:19:53'),(23,23,'requested','1978-10-17 06:04:07','1990-07-11 08:45:37'),(24,24,'requested','1999-02-07 00:32:50','1973-10-21 06:15:13'),(25,25,'requested','1997-06-08 05:12:48','1991-05-02 22:52:58'),(26,1,'approved','2008-03-29 13:46:14','1986-06-01 20:00:20'),(27,27,'requested','2007-01-09 14:02:03','2001-05-14 23:57:57'),(28,28,'approved','1984-01-16 13:36:13','2015-03-08 23:40:13'),(29,1,'approved','1975-12-28 11:00:50','2003-07-28 12:52:15'),(30,1,'approved','1984-01-23 17:24:18','2009-06-22 21:23:32'),(31,31,'declined','1991-03-25 16:51:18','2008-08-12 03:44:38'),(32,1,'approved','2016-03-14 06:20:10','1980-10-19 08:50:18'),(33,1,'approved','2004-01-15 12:05:42','2013-05-11 22:50:44'),(34,34,'unfriended','2006-09-04 11:28:59','1977-07-02 21:55:15'),(35,35,'declined','2011-04-26 08:43:03','1992-08-27 23:21:53'),(36,36,'requested','1976-12-14 23:03:12','2006-06-13 21:29:03'),(37,37,'unfriended','1990-05-25 19:58:55','1989-01-30 22:13:21'),(38,1,'requested','2002-07-14 04:05:39','2016-12-16 11:57:06'),(39,39,'declined','2019-07-17 07:36:32','2005-07-30 05:14:29'),(40,1,'approved','2008-09-05 21:28:26','1971-08-09 12:45:52'),(41,41,'declined','1971-05-11 08:53:14','1989-07-25 06:40:43'),(42,42,'approved','1983-09-13 22:44:45','2003-09-16 06:35:35'),(43,2,'unfriended','2003-11-16 11:13:22','1990-11-17 13:11:35'),(44,44,'approved','1975-11-26 04:22:02','1988-06-14 03:36:01'),(45,1,'unfriended','1988-12-01 15:07:58','1996-09-01 11:59:55'),(45,45,'unfriended','1986-06-23 02:45:39','1971-04-21 06:07:57'),(46,46,'unfriended','2019-03-25 21:23:45','2018-06-19 14:00:01'),(47,47,'declined','2006-09-08 05:21:22','1981-03-11 21:42:15'),(48,48,'requested','1982-11-11 22:35:54','2014-02-19 15:44:23'),(49,1,'approved','2018-10-08 05:26:45','1986-04-19 09:26:02'),(50,50,'requested','1983-01-30 10:08:23','1980-06-07 20:23:02'),(51,51,'declined','1982-08-25 14:26:08','1987-06-16 15:40:22'),(53,53,'approved','1998-06-07 00:35:00','2011-11-08 01:17:51'),(54,54,'approved','2010-05-28 16:01:32','1996-04-29 00:29:45'),(55,55,'declined','1975-05-26 16:51:16','1989-07-14 19:32:31'),(56,1,'requested','1977-10-22 23:12:27','2016-01-18 01:48:56'),(57,57,'approved','2015-05-25 09:16:21','2019-10-21 02:28:21'),(58,58,'approved','1996-12-19 23:41:06','2001-10-10 21:32:18'),(59,59,'approved','2016-07-07 00:24:18','1985-08-13 03:42:16'),(60,60,'requested','1977-11-02 16:09:05','1994-08-06 19:22:15'),(61,61,'approved','1977-05-18 00:33:47','1993-07-05 07:35:00'),(62,62,'declined','1991-03-17 21:21:03','1973-10-14 13:35:03'),(63,63,'approved','1977-12-27 17:24:24','1982-05-04 17:50:24'),(64,64,'requested','1978-12-27 10:19:16','1993-02-10 17:26:13'),(65,65,'declined','1990-12-28 12:46:04','1992-11-15 17:27:50'),(66,66,'approved','1980-10-08 14:29:54','2019-01-20 03:33:35'),(67,1,'approved','2019-02-22 17:46:58','2007-11-05 12:55:36'),(68,68,'declined','2013-12-03 23:35:13','1976-07-15 13:43:52'),(69,69,'approved','1974-08-23 15:15:49','2008-03-13 16:42:39'),(70,70,'approved','1991-09-26 02:08:50','2008-05-17 11:20:26'),(71,1,'declined','1996-07-17 03:40:01','1988-03-21 15:54:26'),(72,1,'requested','1987-10-04 08:08:51','1973-05-20 02:56:26'),(73,1,'requested','1971-05-23 03:37:13','2019-10-17 16:37:12'),(74,1,'unfriended','1984-08-18 09:07:24','1980-02-21 17:50:16'),(75,1,'unfriended','1974-11-04 06:25:44','1982-08-23 09:38:23'),(76,1,'approved','2016-10-20 15:02:17','2008-12-04 17:18:24'),(77,77,'requested','1976-02-22 07:13:27','1991-11-29 21:46:49'),(78,78,'requested','1987-05-13 04:33:27','2015-08-15 19:37:02'),(79,79,'unfriended','2016-07-23 02:25:25','1978-05-14 21:50:42'),(80,80,'requested','2005-03-04 07:28:20','1972-11-16 17:15:15'),(81,81,'approved','2009-07-14 05:49:12','1988-03-13 06:09:11'),(82,82,'unfriended','2005-02-02 18:41:52','2009-10-13 00:04:45'),(83,3,'requested','1985-02-07 16:45:00','1973-10-24 18:51:13'),(84,84,'approved','2001-07-12 08:15:38','2004-05-04 16:56:06'),(85,85,'declined','1995-09-25 21:31:16','2005-02-01 10:12:39'),(86,86,'requested','2000-06-11 04:09:58','1993-09-19 17:39:43'),(87,87,'declined','2016-02-08 18:41:27','2007-07-02 03:46:57'),(88,1,'requested','2016-07-19 10:03:46','1981-12-30 05:24:28'),(89,1,'declined','2018-11-13 23:36:28','1999-05-06 15:27:35'),(90,1,'declined','1970-07-19 01:23:22','1979-04-21 06:03:22'),(92,1,'requested','2016-03-20 07:06:44','2007-01-26 04:46:07'),(93,93,'requested','1978-10-05 12:55:26','1983-03-12 22:49:23'),(94,94,'declined','1978-03-14 11:57:55','1983-12-13 04:44:49'),(95,95,'declined','2008-08-13 17:56:30','1991-01-10 19:00:01'),(96,96,'approved','2015-02-24 21:37:13','1997-09-18 11:07:28'),(97,97,'approved','1985-04-12 05:11:20','1989-04-03 05:01:03'),(98,98,'requested','2014-02-18 13:01:13','1980-06-01 21:56:52'),(99,99,'requested','2019-04-03 10:47:05','1978-09-16 19:20:12'),(100,1,'declined','2008-03-09 17:09:56','2015-05-31 02:43:03');
/*!40000 ALTER TABLE `friend_requests` ENABLE KEYS */;
UNLOCK TABLES;

--
-- Table structure for table `likes`
--

DROP TABLE IF EXISTS `likes`;
/*!40101 SET @saved_cs_client     = @@character_set_client */;
/*!40101 SET character_set_client = utf8 */;
CREATE TABLE `likes` (
  `id` bigint(20) unsigned NOT NULL AUTO_INCREMENT,
  `user_id` bigint(20) unsigned NOT NULL,
  `media_id` bigint(20) unsigned NOT NULL,
  `created_at` datetime DEFAULT CURRENT_TIMESTAMP,
  PRIMARY KEY (`id`),
  UNIQUE KEY `id` (`id`),
  KEY `user_id` (`user_id`),
  KEY `media_id` (`media_id`),
  CONSTRAINT `likes_ibfk_1` FOREIGN KEY (`user_id`) REFERENCES `users` (`id`) ON UPDATE CASCADE,
  CONSTRAINT `likes_ibfk_2` FOREIGN KEY (`media_id`) REFERENCES `media` (`id`)
) ENGINE=InnoDB AUTO_INCREMENT=101 DEFAULT CHARSET=latin1;
/*!40101 SET character_set_client = @saved_cs_client */;

--
-- Dumping data for table `likes`
--

LOCK TABLES `likes` WRITE;
/*!40000 ALTER TABLE `likes` DISABLE KEYS */;
INSERT INTO `likes` VALUES (1,1,1,'1988-10-14 18:47:39'),(2,2,1,'1988-09-04 16:08:30'),(3,3,1,'1994-07-10 22:07:03'),(4,4,1,'1991-05-12 20:32:08'),(5,5,2,'1978-09-10 14:36:01'),(6,6,3,'1992-04-15 01:27:31'),(7,7,2,'2003-02-03 04:56:27'),(8,8,8,'2017-04-24 09:30:19'),(9,9,9,'1974-02-07 20:53:55'),(10,10,10,'1973-05-11 03:21:40'),(11,11,11,'2008-12-17 13:03:56'),(12,12,12,'1995-07-17 21:22:38'),(13,1,17,'1985-09-07 23:34:21'),(14,14,14,'1973-01-27 23:11:53'),(15,27,11,'2008-12-17 13:03:56'),(16,49,52,'1995-07-17 21:22:38'),(17,13,1,'1985-09-07 23:34:21'),(18,10,100,'1973-05-11 03:21:40'),(19,25,11,'2008-12-17 13:03:56'),(20,12,12,'1995-07-17 21:22:38'),(21,33,13,'1985-09-07 23:34:21'),(22,14,24,'1973-01-27 23:11:53'),(23,11,89,'2008-12-17 13:03:56'),(24,11,12,'1995-07-17 21:22:38'),(25,45,13,'1985-09-07 23:34:21'),(26,26,14,'1973-01-27 23:11:53'),(27,11,11,'2008-12-17 13:03:56'),(28,66,12,'1995-07-17 21:22:38'),(29,75,13,'1985-09-07 23:34:21'),(30,10,55,'1973-05-11 03:21:40'),(31,11,1,'2008-12-17 13:03:56'),(32,34,12,'1995-07-17 21:22:38'),(33,13,13,'1985-09-07 23:34:21'),(34,45,14,'1973-01-27 23:11:53'),(35,4,11,'2008-12-17 13:03:56'),(36,12,2,'1995-07-17 21:22:38'),(37,13,58,'1985-09-07 23:34:21'),(38,14,14,'1973-01-27 23:11:53'),(39,12,11,'2008-12-17 13:03:56'),(40,12,2,'1995-07-17 21:22:38'),(41,13,13,'1985-09-07 23:34:21'),(42,10,10,'1973-05-11 03:21:40'),(43,11,51,'2008-12-17 13:03:56'),(44,12,12,'1995-07-17 21:22:38'),(45,13,68,'1985-09-07 23:34:21'),(46,14,44,'1973-01-27 23:11:53'),(47,11,11,'2008-12-17 13:03:56'),(48,45,12,'1995-07-17 21:22:38'),(49,13,33,'1985-09-07 23:34:21'),(50,14,77,'1973-01-27 23:11:53'),(51,13,11,'2008-12-17 13:03:56'),(52,56,12,'1995-07-17 21:22:38'),(53,87,13,'1985-09-07 23:34:21'),(54,10,10,'1973-05-11 03:21:40'),(55,11,11,'2008-12-17 13:03:56'),(56,12,12,'1995-07-17 21:22:38'),(57,13,3,'1985-09-07 23:34:21'),(58,14,14,'1973-01-27 23:11:53'),(59,11,11,'2008-12-17 13:03:56'),(60,12,12,'1995-07-17 21:22:38'),(61,13,13,'1985-09-07 23:34:21'),(62,14,14,'1973-01-27 23:11:53'),(63,11,11,'2008-12-17 13:03:56'),(64,44,12,'1995-07-17 21:22:38'),(65,13,55,'1985-09-07 23:34:21'),(66,48,13,'1985-09-07 23:34:21'),(67,11,67,'2008-12-17 13:03:56'),(68,12,12,'1995-07-17 21:22:38'),(69,22,13,'1985-09-07 23:34:21'),(70,10,79,'1973-05-11 03:21:40'),(71,11,21,'2008-12-17 13:03:56'),(72,12,32,'1995-07-17 21:22:38'),(73,63,13,'1985-09-07 23:34:21'),(74,14,14,'1973-01-27 23:11:53'),(75,11,3,'2008-12-17 13:03:56'),(76,12,2,'1995-07-17 21:22:38'),(77,13,13,'1985-09-07 23:34:21'),(78,14,27,'1973-01-27 23:11:53'),(79,11,11,'2008-12-17 13:03:56'),(80,19,12,'1995-07-17 21:22:38'),(81,57,13,'1985-09-07 23:34:21'),(82,39,13,'1985-09-07 23:34:21'),(83,11,41,'2008-12-17 13:03:56'),(84,26,12,'1995-07-17 21:22:38'),(85,33,13,'1985-09-07 23:34:21'),(86,10,100,'1973-05-11 03:21:40'),(87,81,11,'2008-12-17 13:03:56'),(88,12,71,'1995-07-17 21:22:38'),(89,81,13,'1985-09-07 23:34:21'),(90,24,14,'1973-01-27 23:11:53'),(91,11,98,'2008-12-17 13:03:56'),(92,12,12,'1995-07-17 21:22:38'),(93,13,57,'1985-09-07 23:34:21'),(94,14,14,'1973-01-27 23:11:53'),(95,38,11,'2008-12-17 13:03:56'),(96,12,67,'1995-07-17 21:22:38'),(97,14,34,'1973-01-27 23:11:53'),(98,11,58,'2008-12-17 13:03:56'),(99,46,12,'1995-07-17 21:22:38'),(100,11,29,'2008-12-17 13:03:56');
/*!40000 ALTER TABLE `likes` ENABLE KEYS */;
UNLOCK TABLES;

--
-- Table structure for table `media`
--

DROP TABLE IF EXISTS `media`;
/*!40101 SET @saved_cs_client     = @@character_set_client */;
/*!40101 SET character_set_client = utf8 */;
CREATE TABLE `media` (
  `id` bigint(20) unsigned NOT NULL AUTO_INCREMENT,
  `media_type_id` bigint(20) unsigned NOT NULL,
  `user_id` bigint(20) unsigned NOT NULL,
  `body` text,
  `filename` varchar(255) DEFAULT NULL,
  `size` int(11) DEFAULT NULL,
  `metadata` json DEFAULT NULL,
  `created_at` datetime DEFAULT CURRENT_TIMESTAMP,
  `updated_at` datetime DEFAULT CURRENT_TIMESTAMP ON UPDATE CURRENT_TIMESTAMP,
  PRIMARY KEY (`id`),
  UNIQUE KEY `id` (`id`),
  KEY `user_id` (`user_id`),
  KEY `media_type_id` (`media_type_id`),
  CONSTRAINT `media_ibfk_1` FOREIGN KEY (`user_id`) REFERENCES `users` (`id`),
  CONSTRAINT `media_ibfk_2` FOREIGN KEY (`media_type_id`) REFERENCES `media_types` (`id`)
) ENGINE=InnoDB AUTO_INCREMENT=101 DEFAULT CHARSET=latin1;
/*!40101 SET character_set_client = @saved_cs_client */;

--
-- Dumping data for table `media`
--

LOCK TABLES `media` WRITE;
/*!40000 ALTER TABLE `media` DISABLE KEYS */;
INSERT INTO `media` VALUES (1,1,11,'Libero dolorum quia nesciunt tempore et. Aut incidunt et at exercitationem est. Mollitia sunt nihil voluptas quia labore porro. Ut pariatur quis aliquam quibusdam quisquam.','et',7248,NULL,'2017-05-03 00:24:10','2020-06-15 04:31:57'),(2,2,22,'Accusamus quasi debitis consequatur architecto quis. Omnis magnam nostrum odio voluptatem perspiciatis. Explicabo non sit provident at nobis natus.','praesentium',299523502,NULL,'2016-02-18 04:13:47','2020-06-15 04:31:58'),(3,3,11,'In perspiciatis voluptatem et quia sint sit omnis odio. Nihil ut qui sapiente est et corporis perferendis. Ab molestiae possimus labore ut assumenda vero corrupti quia.','enim',4,NULL,'2008-11-21 15:30:04','2020-06-15 04:31:58'),(4,4,22,'Eos esse quam fuga. Qui accusantium ipsam id laudantium. Est et rem ipsa quae exercitationem hic deserunt.','id',409,NULL,'2004-01-10 13:03:38','2020-06-15 04:31:58'),(5,1,44,'Sit voluptatem molestias quos modi nesciunt excepturi sint. Voluptate eos dolore eius doloremque. Nihil rerum neque ea. Accusantium omnis dolores est voluptas. Dolorem vel maiores ad ut qui.','omnis',957989552,NULL,'1992-07-01 16:16:02','2020-06-15 04:38:16'),(6,2,66,'Corrupti et pariatur et necessitatibus natus enim sint recusandae. Quis corrupti illum sequi explicabo. Ipsa voluptatem voluptatibus voluptate iste dolorem amet. Error sit in accusantium et quidem non.','eveniet',0,NULL,'1983-08-03 22:20:48','2020-06-15 04:38:16'),(7,3,11,'Esse aut et ullam deserunt voluptas. Voluptatum eos sed incidunt consequatur tenetur omnis molestiae. Adipisci accusantium laboriosam vel assumenda est aperiam fugit molestiae. Maiores sapiente at ab nulla.','nulla',25307,NULL,'2005-06-07 06:57:50','2020-06-15 04:38:16'),(8,4,33,'Quo aspernatur quibusdam sed est accusamus eius vero porro. Voluptate voluptatem nihil aut qui labore est natus.','voluptatem',8001705,NULL,'2012-04-04 13:02:27','2020-06-15 04:38:17'),(9,1,22,'Qui quis qui sed adipisci. Reprehenderit ut et sapiente illum ab voluptas. Aut quos libero at expedita unde magnam dolor. Magni iure eos vel mollitia sunt magni molestiae.','voluptate',0,NULL,'1999-04-12 04:51:30','2020-06-15 04:38:17'),(10,2,22,'Eos quo rem earum accusantium. Voluptate recusandae quia neque rem officia ea.','provident',373006,NULL,'1970-12-26 10:55:18','2020-06-15 04:38:17'),(11,3,33,'Voluptates sint iste vel possimus tempore ex. Qui veritatis molestias sit ullam corrupti. Nostrum aut rerum eius aut. Aliquam quo dicta at.','nemo',77673,NULL,'2013-07-15 01:03:39','2020-06-15 04:38:17'),(12,4,44,'Autem doloribus voluptatibus est sit optio. Ea et voluptas omnis. Et quos ut ullam dolorem amet nemo. Quis quo ullam minima quasi.','aut',0,NULL,'1987-06-11 04:36:41','2020-06-15 04:38:17'),(13,1,44,'Magni perspiciatis numquam quo aspernatur quia sint quidem. Voluptate qui minima porro maiores autem eos impedit. Vero eaque aliquid quis hic animi rerum.','quis',40228,NULL,'1978-11-16 05:38:16','2020-06-15 04:38:18'),(14,2,33,'Sed et culpa ut rerum consequuntur rem. Est iure quia nisi et.','amet',14,NULL,'1982-09-24 20:16:25','2020-06-15 04:38:18'),(15,3,77,'Sint dolore qui mollitia et laboriosam impedit. Qui maiores rem deleniti. Et nulla non aut voluptas et.','aperiam',9202045,NULL,'2000-04-24 11:51:45','2020-06-15 04:38:18'),(16,4,100,'Velit ex itaque enim. Perferendis dolore unde qui mollitia expedita. Aut ipsa dolores et.','incidunt',0,NULL,'1994-08-27 16:30:42','2020-06-15 04:38:18'),(17,1,77,'Et qui maiores et molestias. Assumenda aut perspiciatis numquam velit. Nihil qui sunt aut omnis et a.','et',748,NULL,'1983-03-28 01:42:38','2020-06-15 04:38:18'),(18,1,33,'Et aperiam sit consequatur voluptates qui. Eum voluptates est qui. Aut praesentium sed in repellat molestiae. Esse fugiat veritatis dolorem autem pariatur debitis placeat.','sit',411,NULL,'1988-10-10 18:42:41','2020-06-15 04:38:19'),(19,2,22,'Et repellendus aut fugit sit. Fuga ad inventore sunt dolores. Perspiciatis iusto temporibus in assumenda. Necessitatibus fuga sed explicabo.','vitae',97,NULL,'1979-10-07 06:50:39','2020-06-15 04:38:19'),(20,3,88,'Ea minima quis aut. Laboriosam qui reprehenderit quod quis at eum.','sed',1115783,NULL,'1971-12-16 11:50:23','2020-06-15 04:38:19'),(21,4,66,'Aliquam voluptas vitae cum sit corrupti officia et provident. Deleniti consequatur molestias aperiam tenetur. Et reprehenderit aspernatur dolore dignissimos aut. Illum quisquam nihil culpa et non qui facilis. A qui laboriosam qui alias mollitia expedita et.','et',658,NULL,'2014-08-21 11:38:44','2020-06-15 04:38:19'),(22,1,66,'Incidunt id voluptas nulla minus ut ut voluptatem. Magni quia fugit mollitia maiores cumque odio iure. Perferendis vel natus sunt iusto. Et quia quae iste accusantium voluptatibus sunt nisi omnis.','ad',0,NULL,'1973-02-04 07:03:01','2020-06-15 04:38:19'),(23,2,33,'Voluptate molestiae enim perspiciatis soluta possimus consequatur ex. Voluptatum aperiam est recusandae repudiandae veritatis autem odit. Sit esse velit accusantium voluptatem.','quo',38,NULL,'1970-06-21 23:39:20','2020-06-15 04:38:19'),(24,3,88,'Fuga consequatur illum provident rerum aliquid. Ut accusantium occaecati reiciendis fugit. Pariatur ut repellat blanditiis enim alias. Et molestias ea deserunt autem rerum reprehenderit iste.','molestiae',281,NULL,'1984-06-08 13:30:01','2020-06-15 04:38:19'),(25,4,99,'Modi incidunt qui ipsa et totam. Facilis eius et sit. Autem vel quo et provident iste enim.','exercitationem',0,NULL,'2016-06-23 17:13:01','2020-06-15 04:38:19'),(26,1,33,'Est est consectetur aut temporibus voluptatibus minus modi. Hic dolor nisi dolorem unde. Cumque est deleniti odio magni praesentium sint. Quo nisi veniam ab dolores quo aut animi.','ullam',351060,NULL,'2003-05-20 01:45:35','2020-06-15 04:38:20'),(27,2,11,'Aliquid laboriosam impedit commodi id laudantium quisquam. Est cum itaque iusto quae accusamus quisquam. Sit quasi repellat ut placeat sit. Praesentium consequuntur sunt suscipit non repellendus.','quo',3043,NULL,'2006-05-07 11:28:07','2020-06-15 04:38:20'),(28,3,33,'Architecto molestias qui id dignissimos libero corporis et. A itaque praesentium eum ipsum natus enim expedita cumque. Repellendus excepturi in id iste. Dolore autem commodi provident.','quo',804029079,NULL,'1978-12-05 01:24:23','2020-06-15 04:38:20'),(29,4,22,'Quis dolorum et corporis odit itaque quis magnam. Ab ratione quas eum tempora fuga. Dolor ut rem eius ea necessitatibus.','consectetur',2983,NULL,'2005-08-10 23:38:06','2020-06-15 04:38:20'),(30,1,77,'Voluptatibus et fugiat magnam autem natus. Enim distinctio omnis a voluptatibus non fugiat et. Atque et in suscipit. Dolorem eum aut illum corrupti mollitia ut id.','voluptatem',607201093,NULL,'2010-07-19 15:02:53','2020-06-15 04:38:20'),(31,2,55,'Odio sint accusantium eos incidunt reiciendis eos. Ut distinctio velit error. Non quaerat est quidem. Praesentium labore culpa ducimus commodi quibusdam nostrum.','quo',1593,NULL,'2010-04-30 19:39:49','2020-06-15 04:38:20'),(32,4,88,'Nihil totam eum aut expedita quia. Recusandae odio ducimus distinctio veritatis quas sequi. Similique quam laborum et nulla rerum. Ut assumenda quia iste laudantium molestias.','eos',5517,NULL,'1973-11-21 22:35:38','2020-06-15 04:38:21'),(33,1,55,'Amet dolores praesentium enim a eius vel quisquam. Eos debitis voluptatem distinctio qui. Itaque excepturi id repellat. Labore vero atque illo quia earum.','voluptatibus',14602,NULL,'1997-07-30 07:31:03','2020-06-15 04:38:21'),(34,2,44,'Atque voluptatem dolor et voluptas dolores consequatur. Voluptatibus est doloremque ipsa autem. Quisquam dolorem aut quod accusantium ipsum sit et.','odit',85515,NULL,'1989-01-19 07:04:47','2020-06-15 04:38:21'),(35,3,88,'Eum nihil qui excepturi non. Ea impedit sint qui consequatur enim. Et voluptatum unde enim veniam laudantium non. Placeat quis voluptas modi cupiditate totam nostrum qui. Quam aut cupiditate numquam perferendis ipsa voluptas.','laudantium',1605921,NULL,'1984-01-20 04:43:09','2020-06-15 04:38:21'),(36,4,66,'Iusto harum eos itaque quae sed. Delectus quo tempora sit. Sint inventore dolore ut nihil aliquam. Itaque eligendi beatae nesciunt.','veniam',0,NULL,'2004-10-15 22:57:51','2020-06-15 04:38:21'),(37,1,44,'Autem odio optio consequatur in ut. Explicabo natus tenetur dignissimos. Dolores exercitationem odio laboriosam et doloremque consequatur.','et',637429336,NULL,'1986-12-13 04:10:10','2020-06-15 04:38:21'),(38,2,66,'Facere vel quam ut aliquam sed officiis. Sit autem hic facere aut error aut natus.','voluptate',4255657,NULL,'2014-07-20 01:08:10','2020-06-15 04:38:21'),(39,3,33,'Molestias iusto quam nemo in pariatur doloremque in. Nemo et velit optio debitis et voluptas. Quia numquam in ipsam.','ut',837,NULL,'1973-06-23 22:25:15','2020-06-15 04:38:22'),(40,4,44,'Eveniet quia minima necessitatibus tenetur omnis. Sit quasi alias culpa sint saepe qui. Consequatur et qui et consequatur autem delectus incidunt fugiat.','mollitia',6001,NULL,'2012-06-26 18:57:50','2020-06-15 04:38:22'),(41,1,66,'Sapiente cum ea velit excepturi. Vitae reiciendis ducimus eaque pariatur et non iusto. Possimus perferendis architecto cum quam quis sit odio. Nostrum repellendus earum optio debitis.','corrupti',99408,NULL,'2013-07-24 20:29:33','2020-06-15 04:38:22'),(42,2,55,'Non ut eum distinctio sed qui iure. Maxime tempora rem voluptas consequuntur ut consectetur.','facilis',2742,NULL,'1984-04-22 16:33:19','2020-06-15 04:38:22'),(43,3,55,'Nesciunt quia sint quibusdam ad saepe magni. Eveniet non iusto rerum repellendus molestias. Et quam quasi quia quia omnis.','reiciendis',7407,NULL,'1972-09-21 01:57:47','2020-06-15 04:38:22'),(44,4,33,'Suscipit dicta ut explicabo rerum repellendus reiciendis commodi. Illum occaecati debitis non ut eius. Cum non vel ut consequatur placeat soluta delectus.','nisi',37,NULL,'2011-01-01 19:49:10','2020-06-15 04:38:22'),(45,1,22,'Omnis possimus officiis pariatur. Incidunt est animi blanditiis eum. Sequi qui ut voluptas eaque quisquam.','eius',53,NULL,'1992-05-21 23:02:43','2020-06-15 04:38:23'),(46,2,66,'Non necessitatibus maxime voluptas deleniti ipsum ipsa quisquam. Consequatur blanditiis voluptatum rerum voluptate voluptate sint a. Est et nihil molestiae velit. Qui est hic odio sed neque rem.','distinctio',51195,NULL,'1971-04-05 12:15:17','2020-06-15 04:38:23'),(47,3,66,'Vel sapiente placeat autem ut vero sunt animi. Assumenda ut sequi et ut inventore voluptas est. Dignissimos veritatis et qui ut qui temporibus.','debitis',73826180,NULL,'2015-02-07 07:58:12','2020-06-15 04:38:23'),(48,4,33,'Et ipsa vel quia nobis officiis. Adipisci recusandae qui atque id temporibus expedita quo. Voluptatem cumque culpa provident.','voluptatibus',87201435,NULL,'1995-08-07 15:47:04','2020-06-15 04:38:23'),(49,1,22,'Deserunt illum recusandae perferendis non et consequatur. Nobis in numquam voluptatem voluptatem ad. Iste iste commodi et quam. Qui ab quia odio maiores facilis inventore officiis et. Voluptate perferendis occaecati aperiam magnam.','esse',933491,NULL,'1994-07-06 15:08:44','2020-06-15 04:38:23'),(50,2,22,'Fugit sunt hic provident sint recusandae rerum. Quisquam accusantium id aspernatur eveniet eos atque et. Accusamus ut nihil quis quis. Minima eveniet reiciendis tempora molestiae est in necessitatibus.','id',78781,NULL,'1995-06-01 14:28:51','2020-06-15 04:38:23'),(51,3,22,'Magni quia sit voluptatum fugiat. Voluptate quia expedita fugit voluptatem. Qui veritatis quia est non sapiente dolorem.','quos',903183,NULL,'1999-04-09 15:10:16','2020-06-15 04:38:23'),(52,4,88,'Tenetur ab aspernatur quas sunt voluptate error laboriosam. Eum sed dolorem qui et reprehenderit ut. Officia in itaque quam voluptatibus at. Perspiciatis nam harum nihil nihil dolorum praesentium molestiae.','inventore',752,NULL,'1970-05-27 13:08:32','2020-06-15 04:38:23'),(53,1,55,'Eius odit libero illum aspernatur molestias. Ullam provident doloremque rem. Neque dolorem consectetur quos.','mollitia',831199275,NULL,'1997-01-10 06:45:31','2020-06-15 04:38:24'),(54,2,33,'Qui rerum rerum ducimus tempore. Repellat sapiente ratione quam nobis voluptate velit qui. Veritatis eius recusandae quod voluptas repellat praesentium sit quae.','nobis',400336945,NULL,'2014-09-14 13:19:58','2020-06-15 04:38:24'),(55,3,99,'Inventore corrupti in incidunt. Omnis deserunt adipisci est error quis temporibus fugiat ad. Natus illo reprehenderit sed veritatis. Et corporis aut possimus facere.','explicabo',26,NULL,'1997-01-08 18:55:04','2020-06-15 04:38:25'),(56,4,44,'Fugiat odit quod praesentium est eum. Pariatur sequi in quidem nihil omnis eveniet. Aut est voluptatem expedita asperiores. Nihil modi impedit aspernatur odio sed.','facere',0,NULL,'1984-04-15 09:23:36','2020-06-15 04:38:25'),(57,1,88,'Consequatur est est impedit error et modi veritatis qui. Nesciunt veritatis iste rerum et delectus iste quo. Voluptate vel vitae numquam impedit. Magnam hic eum et nisi facere optio.','labore',22240,NULL,'2005-01-20 16:38:55','2020-06-15 04:38:25'),(58,2,66,'Dignissimos quia eum et corporis consequatur repellat. Alias labore amet fugiat quia necessitatibus ut. Aliquam doloribus rem dicta rerum quibusdam voluptatem.','laboriosam',0,NULL,'1994-01-16 16:14:34','2020-06-15 04:38:25'),(59,3,99,'Ea deserunt earum quo repellat atque beatae est. Facilis ad aut cum reprehenderit aut laudantium voluptate. Rerum labore et eveniet tempora. Quas ratione ea quo inventore at eum voluptatem ipsa.','itaque',523402,NULL,'2017-10-13 17:42:19','2020-06-15 04:38:25'),(60,4,99,'Sunt fugit necessitatibus ratione velit repellat iure tenetur. Debitis quia doloremque ratione beatae rem nobis.','totam',23497113,NULL,'2011-01-01 01:15:37','2020-06-15 04:38:25'),(61,1,88,'Nihil eligendi numquam velit ducimus consequatur. Laboriosam provident debitis similique sit. A nihil perspiciatis rerum corporis omnis cum. Porro officiis molestiae veritatis facere.','nostrum',1777,NULL,'1995-04-18 18:37:39','2020-06-15 04:38:26'),(62,2,55,'Vitae pariatur et ullam praesentium architecto animi tenetur. Sint voluptatibus et ad. Cupiditate ratione voluptate incidunt a deserunt.','id',104629,NULL,'1983-02-17 15:16:41','2020-06-15 04:38:26'),(63,3,88,'Eos quasi et non aut autem qui. Sunt eaque ut non dolorum eligendi expedita. Corporis quasi doloremque nihil ullam illum.','doloremque',13,NULL,'2002-02-21 03:43:05','2020-06-15 04:38:26'),(64,4,44,'Aspernatur delectus harum fugit voluptatibus est eius. Sunt magnam id molestiae amet. Voluptas atque est temporibus quo autem qui autem.','aut',98199227,NULL,'1991-02-23 17:33:44','2020-06-15 04:38:26'),(65,1,33,'Dignissimos veniam vero saepe quae quia alias. Numquam qui exercitationem consectetur animi. Nobis dignissimos dignissimos ut doloremque est voluptas molestiae.','placeat',26052809,NULL,'2005-02-25 14:26:54','2020-06-15 04:38:26'),(66,2,88,'Dolores et non pariatur ut accusantium soluta. Consequatur placeat alias officia dolor. Nam cumque magni autem. Dolor est corrupti sunt dolor occaecati eius. Exercitationem quaerat et qui quia qui.','qui',42497595,NULL,'1997-08-12 19:59:36','2020-06-15 04:38:26'),(67,3,99,'Dolorem natus eaque aut deleniti. Repudiandae placeat quibusdam qui non voluptas corrupti. Optio qui sed non totam. Error facilis et qui mollitia aliquam.','distinctio',25,NULL,'1977-06-17 20:20:25','2020-06-15 04:38:27'),(68,4,33,'Corporis optio deserunt qui. Molestiae consectetur facilis eum quis. Molestiae est quasi pariatur deserunt maiores sunt maiores.','eligendi',4433471,NULL,'1985-12-06 00:44:31','2020-06-15 04:38:27'),(69,1,22,'Repellat et quis et provident rem blanditiis voluptatem. Mollitia nostrum ut quis magni perspiciatis. Debitis sit est impedit nostrum veritatis nemo eum.','sit',987659179,NULL,'1994-04-14 22:38:35','2020-06-15 04:38:27'),(70,2,44,'Quod sit placeat omnis sit officia voluptas rerum. Dolorum accusantium ad et omnis non autem nisi veniam. Delectus tempora dolores voluptatem saepe sed id iusto. Consequuntur pariatur officia ad laboriosam id.','voluptatem',62,NULL,'1982-01-26 05:12:33','2020-06-15 04:38:27'),(71,3,66,'Minus voluptatem nesciunt fugit cumque impedit repellendus quos ab. Fugit vel autem illo asperiores.','accusantium',4424032,NULL,'1978-10-01 16:39:48','2020-06-15 04:38:27'),(72,4,11,'Officia minima a quo optio perferendis. Expedita necessitatibus commodi aut perspiciatis voluptatibus. Et non est voluptatem eveniet vel reprehenderit.','aspernatur',669440,NULL,'1983-02-09 13:14:50','2020-06-15 04:38:28'),(73,1,11,'Perspiciatis repudiandae veniam at vel aspernatur quia eius omnis. Placeat quasi quo exercitationem modi non eum voluptas. Ut saepe veniam nobis totam dicta.','ut',228515777,NULL,'2016-04-05 18:37:25','2020-06-15 04:38:28'),(74,2,22,'Voluptatum et cupiditate nihil rem. Blanditiis ea est et inventore id. Dolores non aut illum molestiae repellendus aut. Veritatis natus quidem reprehenderit id.','corporis',9300064,NULL,'1972-12-18 18:41:34','2020-06-15 04:38:28'),(75,3,22,'Non enim quae eos qui nihil tenetur. Qui eos error aspernatur fugiat ea saepe quo ipsa. Perspiciatis molestias eligendi quos ut non. Voluptate dolor esse aut possimus possimus impedit.','facere',8640,NULL,'1984-04-16 17:37:19','2020-06-15 04:38:28'),(76,4,33,'Asperiores delectus quasi eos vitae. Illo est nam deleniti perspiciatis corrupti autem.','vel',4,NULL,'1991-12-03 22:43:27','2020-06-15 04:38:28'),(77,1,77,'Voluptatum eaque ullam consectetur est eligendi aspernatur quasi ut. Qui hic velit qui alias repudiandae.','voluptatem',20,NULL,'1982-07-24 00:14:34','2020-06-15 04:38:28'),(78,2,99,'Provident qui deleniti optio cumque. Adipisci qui dolorem labore reprehenderit rerum minima autem. Illum repellendus et maiores eligendi eveniet nobis. Dolore officia iste labore.','repudiandae',0,NULL,'2011-11-15 10:53:38','2020-06-15 04:38:28'),(79,3,77,'Quia perferendis sint quis impedit nesciunt. Ducimus qui eveniet esse magnam quod quidem culpa. Et rerum quis cum quas ut. Praesentium velit dolores aperiam ea vel pariatur officia.','dolorem',6,NULL,'1981-09-11 09:39:52','2020-06-15 04:38:28'),(80,4,99,'Eveniet mollitia consequatur soluta. Exercitationem reiciendis deleniti pariatur ut. Omnis laudantium sit eum modi. Quas possimus earum nemo accusantium rem nemo.','et',57306,NULL,'1981-07-01 07:16:34','2020-06-15 04:38:29'),(81,1,11,'In voluptatem quo aut iste dolores neque. Sit provident vero adipisci. Molestiae eos voluptates vero incidunt.','asperiores',586029707,NULL,'2014-10-19 20:49:40','2020-06-15 04:38:29'),(82,2,22,'Dolores quae fugiat eum molestiae sit. Possimus fugiat consequatur facere est earum amet laboriosam. Maiores ipsam rerum soluta omnis doloremque.','autem',263,NULL,'2019-12-31 22:21:11','2020-06-15 04:38:29'),(83,3,11,'Dolores eaque eum ea quia qui. Quia et iure vel eos a magnam et. Et voluptate repellendus ratione rem ut quia.','dolore',49009309,NULL,'1999-11-12 09:44:48','2020-06-15 04:38:29'),(84,4,99,'Consequuntur quidem aperiam sapiente nemo qui. Eius quidem ipsum non est sit deleniti. Enim sapiente perspiciatis quas aut asperiores molestiae explicabo dolores. Sequi est eos velit vero ea.','adipisci',4,NULL,'2003-01-21 14:15:53','2020-06-15 04:38:29'),(85,1,33,'In aliquid voluptatem fugit. Eveniet ea dicta quis voluptas fugit ut excepturi. Ut quo ducimus exercitationem vitae dolorum adipisci consectetur voluptates. Est sunt quo eos et ut.','natus',16492494,NULL,'1993-11-19 11:34:20','2020-06-15 04:38:29'),(86,2,77,'Nihil et similique sapiente similique voluptatem. Corrupti quis doloribus aspernatur aut rerum velit.','dolorum',70,NULL,'1983-07-24 18:05:44','2020-06-15 04:38:30'),(87,3,44,'Nulla ea reprehenderit vero consectetur est recusandae maxime rerum. Aliquam molestias odio iusto voluptatum. Consequatur quam eum quam consectetur et recusandae animi. Nobis minus quos autem nobis iure.','veritatis',0,NULL,'2014-05-07 11:19:07','2020-06-15 04:38:30'),(88,4,44,'Cupiditate ex corporis ad fugit vero eveniet maxime. Velit hic quisquam quidem tenetur ut. Fugit cumque debitis et libero. Maxime doloremque soluta ut cupiditate quasi tempore perspiciatis.','eos',1564,NULL,'1990-12-15 13:45:52','2020-06-15 04:38:30'),(89,1,33,'Et eos qui ea qui et sed. Magnam fugit aperiam ullam quasi tempora. Nihil accusamus vel omnis deleniti. Maiores explicabo ea consequatur et sed laudantium.','consequuntur',73374,NULL,'1999-12-16 05:39:44','2020-06-15 04:38:30'),(90,2,22,'Illum inventore consequatur aut. Amet explicabo autem nesciunt cum illum impedit. Neque aliquam velit facere unde animi ut et.','aut',18466826,NULL,'1973-10-05 06:47:42','2020-06-15 04:38:30'),(91,3,88,'Occaecati occaecati quia qui dolores. Eum omnis ad et cupiditate eos corrupti ipsam. Atque quod magni ea.','dolorum',0,NULL,'1987-01-02 19:04:33','2020-06-15 04:38:31'),(92,4,66,'Deleniti nisi eveniet quae hic et. Architecto molestiae consequuntur libero modi dolorem. Inventore iste ipsum neque blanditiis sit nihil ad et. Itaque voluptas dolores sit sit molestias assumenda.','facere',47,NULL,'1991-11-15 12:02:42','2020-06-15 04:38:31'),(93,1,55,'Sunt praesentium eius tempore nesciunt cupiditate sunt. Consectetur aliquam et assumenda quia. Ut rem asperiores perferendis enim corporis voluptas. Occaecati libero adipisci ut qui.','sit',0,NULL,'2000-08-02 13:45:50','2020-06-15 04:38:31'),(94,2,22,'Reprehenderit in qui et delectus est blanditiis molestias. Nihil est quia maxime repellendus error. Iusto dolores consequatur veritatis sequi ea.','qui',5,NULL,'2015-11-13 15:43:41','2020-06-15 04:38:31'),(95,3,11,'Et dolores fugiat molestias eum blanditiis. Nostrum voluptas atque necessitatibus iusto. Ratione ex ducimus velit aut ducimus nemo asperiores. Voluptas cum voluptatem molestiae temporibus delectus amet.','eligendi',4,NULL,'1985-09-03 20:17:39','2020-06-15 04:38:31'),(96,4,11,'Dolore nam doloribus molestiae id. Illum sapiente est ab ratione accusantium veniam consectetur cupiditate. Sed quaerat nulla pariatur fugit quas et.','repellat',2527274,NULL,'2000-10-05 04:21:35','2020-06-15 04:38:31'),(97,1,11,'Ut inventore ipsum quos. Quam voluptatibus quod quibusdam deserunt mollitia iure illum. Voluptas debitis laboriosam error repellendus quos exercitationem. Natus autem quia possimus beatae impedit a.','earum',2836,NULL,'2013-05-03 19:05:45','2020-06-15 04:38:31'),(98,2,11,'Qui vel eligendi suscipit dicta ut consequatur. Voluptas ut doloribus magnam consequatur. Ut asperiores minus eius sed. Sit sit sed commodi aut.','quasi',1440,NULL,'1979-05-20 00:30:03','2020-06-15 04:38:31'),(99,3,22,'Facilis exercitationem sed illo ea fugit est aut. Voluptas qui unde minus. Esse quam aliquam et. Aliquam architecto sunt est qui at minima sapiente.','totam',0,NULL,'2002-10-07 17:28:04','2020-06-15 04:38:32'),(100,4,88,'Vero omnis ut tempora earum. Sequi a soluta dicta. Optio eveniet recusandae quia qui molestias fugit saepe laborum.','harum',7304568,NULL,'1980-02-04 13:31:31','2020-06-15 04:38:32');
/*!40000 ALTER TABLE `media` ENABLE KEYS */;
UNLOCK TABLES;

--
-- Table structure for table `media_types`
--

DROP TABLE IF EXISTS `media_types`;
/*!40101 SET @saved_cs_client     = @@character_set_client */;
/*!40101 SET character_set_client = utf8 */;
CREATE TABLE `media_types` (
  `id` bigint(20) unsigned NOT NULL AUTO_INCREMENT,
  `name` varchar(255) DEFAULT NULL,
  `created_at` datetime DEFAULT CURRENT_TIMESTAMP,
  `updated_at` datetime DEFAULT CURRENT_TIMESTAMP ON UPDATE CURRENT_TIMESTAMP,
  PRIMARY KEY (`id`),
  UNIQUE KEY `id` (`id`)
) ENGINE=InnoDB AUTO_INCREMENT=101 DEFAULT CHARSET=latin1;
/*!40101 SET character_set_client = @saved_cs_client */;

--
-- Dumping data for table `media_types`
--

LOCK TABLES `media_types` WRITE;
/*!40000 ALTER TABLE `media_types` DISABLE KEYS */;
INSERT INTO `media_types` VALUES (1,'video','1974-11-25 06:56:22','2020-06-15 04:40:15'),(2,'music','2001-01-22 06:59:49','2020-06-15 04:40:15'),(3,'photo','1988-11-19 19:42:31','2020-06-15 04:40:15'),(4,'post','2000-07-08 05:46:09','2020-06-15 04:40:15'),(5,'voluptas','1988-07-20 14:27:13','1983-02-10 11:14:45'),(6,'quis','2013-05-12 12:08:43','2000-09-15 00:16:27'),(7,'eligendi','1996-07-27 10:19:35','2006-04-19 09:08:57'),(8,'maxime','1990-01-26 13:26:10','1989-06-19 02:27:27'),(9,'aspernatur','2013-06-13 22:30:06','1974-08-27 17:08:02'),(10,'consequatur','1975-07-04 19:09:16','2005-05-01 00:03:17'),(11,'repellat','1981-09-26 20:52:17','1979-05-12 02:43:43'),(12,'delectus','2013-10-17 19:29:18','2016-04-03 07:33:47'),(13,'quia','1992-06-11 09:42:02','1976-10-26 21:17:25'),(14,'aspernatur','1997-07-10 14:49:25','2014-07-17 13:04:03'),(15,'corrupti','1990-05-22 11:00:25','2010-01-19 00:46:43'),(16,'aliquid','1973-08-27 11:57:35','1992-07-06 00:21:05'),(17,'laboriosam','1980-09-20 12:11:48','1993-02-28 05:48:43'),(18,'esse','1991-02-12 17:31:49','1981-02-03 04:40:45'),(19,'cum','1998-07-06 11:11:30','1996-01-05 07:11:44'),(20,'ut','2004-03-13 02:45:50','1989-11-02 15:21:09'),(21,'hic','2002-03-15 17:03:20','1985-02-05 08:00:52'),(22,'quidem','1976-07-09 08:38:36','1970-10-28 17:57:04'),(23,'ullam','1993-09-09 11:28:15','2006-10-13 04:24:00'),(24,'sunt','2004-03-11 12:11:12','2020-05-03 15:03:49'),(25,'velit','2016-11-25 14:42:22','1993-10-13 05:23:48'),(26,'mollitia','1977-12-20 18:47:37','2012-08-25 19:03:44'),(27,'saepe','1994-06-26 03:03:12','1988-08-02 03:33:09'),(28,'iure','1998-04-09 22:53:59','1981-01-07 20:27:25'),(29,'qui','1999-10-19 08:46:35','1979-11-11 23:02:48'),(30,'rerum','1999-11-30 20:20:31','2018-04-04 11:14:01'),(31,'debitis','1983-11-28 09:51:18','2000-03-27 02:24:14'),(32,'ipsa','1983-06-18 11:10:31','1997-08-23 20:54:48'),(33,'illo','1985-08-01 12:37:49','2003-10-12 11:52:11'),(34,'minus','2013-04-03 02:07:13','1982-04-25 14:49:43'),(35,'harum','1983-02-14 09:33:18','1995-06-12 23:43:05'),(36,'architecto','1970-11-16 23:39:20','2009-05-11 06:19:05'),(37,'suscipit','2004-05-31 15:11:18','1983-08-21 04:40:20'),(38,'iusto','2000-11-12 07:36:55','1975-01-27 06:04:00'),(39,'atque','1980-08-03 15:53:45','1975-04-28 07:47:03'),(40,'suscipit','1998-12-16 05:37:12','1994-05-05 05:23:42'),(41,'suscipit','1987-07-03 14:57:42','1971-10-24 23:05:24'),(42,'non','1985-05-07 23:55:32','2014-10-08 09:17:01'),(43,'et','2008-02-22 18:16:53','1976-09-28 14:15:32'),(44,'non','1989-04-12 04:55:13','1978-08-24 14:36:14'),(45,'et','1993-04-23 02:19:35','2004-12-02 14:39:05'),(46,'blanditiis','1976-05-17 02:51:38','2006-09-11 12:55:30'),(47,'ut','1992-04-17 13:41:31','1990-02-13 04:15:22'),(48,'est','2006-04-11 09:04:47','1973-06-12 20:17:38'),(49,'accusamus','2010-10-12 12:03:40','1979-10-29 03:46:20'),(50,'veniam','1999-02-19 19:26:33','1986-09-11 17:03:24'),(51,'temporibus','1990-01-07 15:33:13','1982-12-24 13:43:57'),(52,'nam','1981-09-12 18:01:59','1973-08-23 23:02:07'),(53,'amet','2012-04-24 13:22:54','2020-05-02 13:53:33'),(54,'nisi','1990-06-08 20:52:53','2011-08-03 21:48:25'),(55,'vitae','2012-01-03 02:11:48','2010-07-26 15:56:19'),(56,'tenetur','1973-10-06 06:57:31','1987-11-19 08:51:08'),(57,'voluptas','1975-03-05 01:05:56','1974-03-05 14:18:14'),(58,'voluptas','1971-05-25 19:11:25','1976-12-18 10:46:02'),(59,'quia','1971-03-17 18:05:35','2018-08-31 20:39:40'),(60,'et','1986-09-28 17:30:25','2010-02-23 01:27:21'),(61,'sed','1975-09-04 08:53:34','1990-08-21 21:17:00'),(62,'hic','1971-07-20 13:24:45','2002-10-24 15:54:47'),(63,'beatae','1986-03-15 14:55:37','2004-06-01 10:42:01'),(64,'vel','1976-06-11 17:29:53','1979-11-25 03:47:01'),(65,'ea','1990-08-14 01:10:58','1995-10-13 05:15:06'),(66,'ut','1991-04-21 12:13:00','1976-12-26 10:02:51'),(67,'neque','1993-06-25 13:02:26','1984-10-11 09:13:38'),(68,'harum','2019-10-15 12:36:35','2003-05-05 08:13:16'),(69,'et','2020-02-04 14:08:37','1999-08-08 02:13:53'),(70,'animi','1980-01-15 19:14:26','1996-05-30 22:29:20'),(71,'suscipit','1988-10-06 23:17:37','2008-08-22 01:26:53'),(72,'sint','1999-04-03 16:41:40','1971-10-26 11:31:08'),(73,'quod','2018-06-14 16:54:04','2015-04-28 22:40:37'),(74,'minus','2020-04-02 23:42:21','2003-04-11 06:47:01'),(75,'accusantium','2006-12-22 22:48:23','1991-11-13 00:16:27'),(76,'officiis','1977-03-27 10:31:14','2014-01-06 05:26:10'),(77,'voluptatem','2015-01-08 05:21:40','2008-09-27 13:09:41'),(78,'voluptas','2005-11-01 08:35:38','1976-09-20 14:52:59'),(79,'blanditiis','1982-01-13 22:49:04','2011-01-24 23:24:00'),(80,'assumenda','2013-09-07 08:36:43','2009-10-30 03:58:50'),(81,'omnis','2017-06-27 07:15:02','2001-12-20 08:48:12'),(82,'aut','1980-12-14 05:58:17','2015-08-30 17:03:57'),(83,'odit','1995-08-30 16:37:42','1974-11-19 12:24:26'),(84,'qui','1971-11-03 22:53:11','2012-10-16 03:46:29'),(85,'est','1980-08-25 03:52:11','2013-09-28 05:57:20'),(86,'necessitatibus','1984-06-10 23:34:09','1976-01-23 04:28:39'),(87,'vel','1986-03-21 06:01:37','2016-01-31 14:47:23'),(88,'blanditiis','1994-09-29 17:15:32','1981-09-14 09:56:57'),(89,'voluptas','1977-05-26 19:06:11','1985-07-09 04:56:21'),(90,'suscipit','1997-06-26 17:26:09','1996-02-13 19:09:35'),(91,'aliquam','1994-06-15 16:26:54','2002-12-22 15:05:39'),(92,'facilis','2011-07-13 20:16:45','1978-11-12 09:11:05'),(93,'ad','2016-02-22 19:15:10','1989-02-16 00:39:13'),(94,'qui','2013-03-26 05:37:27','1986-08-15 20:08:37'),(95,'quod','1990-01-23 17:03:31','1981-08-25 09:40:26'),(96,'non','1992-01-10 13:14:44','1970-01-31 00:44:47'),(97,'mollitia','1998-09-13 19:12:39','2018-05-18 12:27:05'),(98,'ea','1990-07-08 14:08:23','1999-05-30 10:51:23'),(99,'corrupti','2002-01-20 00:24:25','1991-11-14 20:33:43'),(100,'in','2007-07-17 09:53:59','1992-05-31 22:20:57');
/*!40000 ALTER TABLE `media_types` ENABLE KEYS */;
UNLOCK TABLES;

--
-- Table structure for table `messages`
--

DROP TABLE IF EXISTS `messages`;
/*!40101 SET @saved_cs_client     = @@character_set_client */;
/*!40101 SET character_set_client = utf8 */;
CREATE TABLE `messages` (
  `id` bigint(20) unsigned NOT NULL AUTO_INCREMENT,
  `from_user_id` bigint(20) unsigned NOT NULL,
  `to_user_id` bigint(20) unsigned NOT NULL,
  `body` text,
  `created_at` datetime DEFAULT CURRENT_TIMESTAMP,
  PRIMARY KEY (`id`),
  UNIQUE KEY `id` (`id`),
  KEY `messages_from_user_id` (`from_user_id`),
  KEY `messages_to_user_id` (`to_user_id`),
  CONSTRAINT `messages_ibfk_1` FOREIGN KEY (`from_user_id`) REFERENCES `users` (`id`),
  CONSTRAINT `messages_ibfk_2` FOREIGN KEY (`to_user_id`) REFERENCES `users` (`id`)
) ENGINE=InnoDB AUTO_INCREMENT=101 DEFAULT CHARSET=latin1;
/*!40101 SET character_set_client = @saved_cs_client */;

--
-- Dumping data for table `messages`
--

LOCK TABLES `messages` WRITE;
/*!40000 ALTER TABLE `messages` DISABLE KEYS */;
INSERT INTO `messages` VALUES (1,1,1,'Rerum esse voluptate dicta minima nisi voluptatem. Dignissimos quas voluptatem veritatis vero. Ipsa iusto molestiae et. Consequuntur qui voluptate quis iste rerum deleniti.','1984-01-28 00:51:59'),(2,2,2,'Sapiente eius blanditiis voluptatem aliquam ea qui. Qui unde nam tempora natus rerum eos. Libero fugiat deserunt dolor dolore.','1987-05-31 19:20:27'),(3,3,4,'Quia omnis enim rerum. Quasi voluptatem aspernatur consequuntur nihil reprehenderit. Aut fugiat sunt doloremque et eum.','2003-08-29 17:04:59'),(4,4,3,'Dicta et rerum tempore eos animi architecto. Aliquid placeat vel laboriosam non tenetur. Incidunt beatae totam dolorem maiores. Rem rem reiciendis nemo dolorem odit eius earum exercitationem.','2009-10-11 01:16:41'),(5,5,6,'Totam ea inventore et deleniti illo occaecati et. Alias exercitationem animi laboriosam beatae consectetur. Aut optio rerum magni est error. Quia nostrum amet sed.','2018-07-05 03:07:24'),(6,6,5,'Maxime ratione et voluptate. Nihil saepe impedit libero et ut. Totam ipsum mollitia numquam ipsum.','1982-10-06 08:22:45'),(7,7,7,'Aut veniam nemo sunt. Beatae dignissimos soluta qui officia omnis nihil. Consectetur quia qui qui ex reprehenderit odit velit. Quas explicabo modi at ipsa sequi quam eaque.','2019-03-28 16:33:01'),(8,8,8,'Eius voluptate nobis nihil delectus adipisci. Adipisci aut praesentium reprehenderit et. Sapiente libero eos autem minus amet officiis.','1978-11-10 08:15:18'),(9,9,9,'Rerum voluptas eaque soluta repellendus. Optio aperiam voluptates ea incidunt. In consequatur error harum earum. Dolor ducimus reiciendis ut repudiandae aliquam excepturi quo.','2006-06-19 11:02:51'),(10,10,15,'Nesciunt est at autem illo amet. Qui aperiam aut autem quod. Ad est amet mollitia assumenda ea iure. Quidem eius quia debitis libero dicta aspernatur.','1980-06-09 12:21:36'),(11,11,11,'In ex ab aut laboriosam. Itaque est dolorem ab molestias sunt rerum in laboriosam. Alias dolores maiores corporis id consequuntur tempore natus.','1974-02-15 13:41:27'),(12,12,10,'Ut repudiandae eaque mollitia ut numquam. Voluptatem rerum tempora exercitationem illum beatae consequatur exercitationem.','1983-10-14 18:05:50'),(13,13,13,'Aliquam quia neque mollitia tempore. Sed illum ipsum nihil rerum non voluptates asperiores. Qui maiores exercitationem impedit possimus sint. Quis voluptate error atque deleniti fuga maiores assumenda quae.','2013-02-17 00:41:46'),(14,14,14,'Fuga omnis harum tenetur. Vel odio cum occaecati unde molestiae et. Sunt est qui et dolore ipsum necessitatibus consequuntur.','1978-09-24 11:19:52'),(15,15,10,'Optio voluptates doloremque doloribus commodi qui deleniti quis tempore. Unde recusandae sit sit ut dolore accusantium. Earum autem mollitia culpa odit officia rem eos. Exercitationem perferendis nam illo ut dolor et.','1993-12-10 15:53:10'),(16,7,16,'Non veritatis qui assumenda dolorum unde voluptatem. Et est aut adipisci consequatur nihil. Adipisci iure harum nulla ut quam. Vitae qui quia non ut voluptate natus.','2004-11-22 02:21:14'),(17,17,17,'Earum eos nostrum voluptatem minima molestias. Voluptas aut et esse dolor quo. Sapiente voluptatem odit eum quia. Ducimus reprehenderit quos aspernatur aut.','1980-07-29 15:08:05'),(18,18,18,'Accusantium aut fugiat voluptatem id natus impedit aliquam. Quibusdam eos id non expedita quod. Nemo explicabo minima incidunt quae vel. Exercitationem odio voluptas earum quis quam similique consectetur.','1982-07-04 13:36:45'),(19,19,20,'Ad pariatur odio nesciunt quod ea autem est. Consectetur unde debitis sed autem id qui et. Sapiente aut quo ipsam atque.','2007-12-01 17:55:13'),(20,20,19,'Impedit a odio sequi dolor. Quidem ipsa quia sint saepe error repellat vel. Ea error veniam perspiciatis temporibus.','1997-09-26 02:02:28'),(21,21,21,'Odit sint nemo odio inventore magni perspiciatis. Officiis et voluptatem quis molestiae officia porro praesentium. Commodi inventore aut mollitia quia sit id. Quis quos est ea. Aut eum recusandae consequatur omnis.','1977-09-16 20:49:30'),(22,22,22,'Eos et architecto temporibus. Facilis hic ab ipsa eveniet quia. Ab nostrum vel qui nostrum ut. Ut blanditiis repellat voluptas debitis unde aut eaque.','1979-04-23 23:48:45'),(23,6,23,'Quidem molestiae neque alias. Veritatis repellat nihil expedita numquam. Et dolores id tempore aut ut non nostrum.','2014-12-17 01:36:09'),(24,24,24,'Molestiae cupiditate odit labore earum. Sit est eius modi unde. Aspernatur ipsam aperiam quibusdam aut ut qui.','1977-12-14 03:54:51'),(25,25,3,'Expedita iure est est commodi et reprehenderit. Nulla alias aperiam cum. Fugiat et sed est voluptate.','1998-10-15 17:04:45'),(26,26,26,'Et voluptas beatae perspiciatis fuga sint optio. Voluptatem veniam tempora facilis eius iusto id. Commodi aperiam vel voluptatibus asperiores id.','1993-06-23 19:09:50'),(27,7,27,'Maiores voluptates sit vitae rerum excepturi nesciunt. Inventore et quas quia similique soluta. Qui est esse asperiores minus ullam asperiores. Quia quae nihil placeat consequuntur eum tempora corporis. Rerum aut harum error ullam voluptates sit.','1992-10-27 19:58:30'),(28,28,28,'Magnam dolore unde ut et. Officia veniam voluptas deserunt expedita sequi quis tempora. Quae quisquam velit ex sit qui et magni et. Eveniet laudantium omnis aut voluptatem odit ullam.','1973-09-18 11:42:21'),(29,29,29,'Perspiciatis suscipit alias voluptatem praesentium eum. Dolor animi temporibus tempore suscipit. Sit id est aspernatur enim.','1995-06-06 16:24:46'),(30,30,100,'Dolores sequi ab laboriosam autem quasi qui adipisci. Atque alias aperiam nesciunt maxime veniam quidem. Quia earum est impedit.','1994-01-05 11:17:05'),(31,31,31,'Voluptatem consequatur consequatur aut maxime architecto ratione. Consequatur eos necessitatibus repellendus sunt. Laboriosam molestias quos eligendi officia. Deserunt et placeat impedit atque voluptatum.','2019-04-21 18:14:27'),(32,32,32,'Dolorem adipisci est consequatur. Neque quo recusandae qui ipsum non. Dolor ab cum est laboriosam aut.','2018-02-17 11:17:04'),(33,33,33,'A quis quas explicabo explicabo ea modi ipsam. Aut quia dignissimos velit. Possimus ut quos quia fugiat laboriosam quidem.','1998-01-09 18:24:57'),(34,34,8,'Nobis illum quidem ut deleniti. Molestiae repudiandae voluptas debitis id. Dolorem sunt animi repudiandae totam.','1981-12-29 05:17:52'),(35,35,35,'Nostrum error consequatur porro in molestiae repudiandae inventore qui. Consequatur et magnam voluptas occaecati minus enim. Nihil officia tempore voluptatem quam.','2016-03-04 01:27:01'),(36,36,36,'Officiis sint aliquam vel eum ut vel. Et dignissimos perspiciatis nihil aut dolorum est nemo. Hic cupiditate et delectus qui sint placeat porro. Cupiditate vero est et est voluptatem id. In et deleniti et voluptas unde.','1970-10-31 07:28:01'),(37,10,37,'Ut possimus suscipit quod reprehenderit quibusdam ipsum beatae ipsum. Amet et tenetur laborum molestias. Eveniet occaecati non nihil corrupti. Quidem ipsam aliquid reiciendis maiores quis eos.','1970-04-06 08:20:15'),(38,38,38,'Et non esse deserunt sed sint fugit. Qui numquam aut eum et impedit ex tenetur. Rerum aut id suscipit quasi.','2012-02-12 12:23:38'),(39,39,39,'Est consectetur nemo delectus neque aut. Qui quia unde distinctio asperiores culpa consequuntur. Nihil et quia nemo et quis corrupti. Tenetur voluptatum eos qui eum ducimus et.','1983-07-07 09:42:43'),(40,40,40,'Maiores dolores velit hic. Ipsum repudiandae quibusdam deleniti qui voluptatibus cum unde. Dolorem enim rerum minima dicta consequatur.','1995-05-24 13:05:56'),(41,41,11,'In et ut magnam quisquam dignissimos enim dolores. Quia qui dolor explicabo animi. Sint aspernatur atque dicta earum aut occaecati et. Repellat ea error eos enim dolores.','1979-05-22 09:44:47'),(42,42,42,'Voluptatem consequatur rerum hic asperiores veniam quam. Pariatur dolorem qui alias voluptas praesentium sint et quo. Suscipit quae eos facilis repellat temporibus eum. Incidunt et unde vel incidunt.','1980-09-05 17:37:56'),(43,43,43,'Ex incidunt voluptatem accusamus quis consequatur possimus. Officia sit culpa repellendus saepe cumque et ut. Ipsa quibusdam eos numquam cupiditate repellat rerum qui. Eius et atque eveniet qui ea quo.','1982-01-15 02:27:03'),(44,15,44,'Cumque omnis et qui consequatur voluptas ut. Et quo ratione repudiandae placeat harum commodi. Veritatis fuga cupiditate atque blanditiis illum quia. Temporibus quos sequi magni totam et dolor iure.','2010-01-28 17:48:28'),(45,45,45,'Omnis consequatur non voluptas. Incidunt expedita quam id nihil. Voluptatem itaque aut est molestiae rerum quas. Voluptas ipsa id quia animi molestias harum rerum. Occaecati quos esse doloribus accusamus maxime fugiat sit.','1994-05-05 20:13:23'),(46,46,46,'Voluptate sed fuga distinctio sed recusandae quos aliquid. Deserunt aspernatur explicabo sint. Et doloribus rerum sequi voluptatem placeat. Voluptas ut ad reprehenderit dolor aut nesciunt perspiciatis.','2006-09-05 04:03:07'),(47,47,15,'Libero qui qui cupiditate quibusdam quod magnam. Et quia animi molestiae perspiciatis. Et culpa amet dolore aspernatur sint aut. Quaerat repellat et aut et similique excepturi excepturi.','2000-04-07 01:57:26'),(48,48,48,'Officiis repellat et dicta iste distinctio ab. Libero eum quos repellat aut. Dicta dicta doloremque eligendi vel. Quibusdam nemo aliquam aperiam ipsa quia aut recusandae.','1999-08-09 20:23:31'),(49,15,49,'Vel tenetur voluptas repudiandae ut nostrum et. Deleniti magnam dolor voluptatem repellat exercitationem esse enim. Velit veniam ullam autem harum sit ut quisquam. Impedit dignissimos qui deserunt fugiat animi.','2004-03-10 01:06:18'),(50,50,50,'Alias odit ab mollitia error est. Non nihil quia vel deserunt a. Qui beatae maxime a ut.','2003-05-23 06:38:42'),(51,51,51,'Magnam quaerat repellendus fuga nesciunt. Perspiciatis incidunt ut cumque laudantium temporibus libero officiis.','2003-09-20 23:38:56'),(52,52,52,'Laboriosam et aspernatur fugiat ullam officia dignissimos. Sequi nemo atque sit. Rerum repellat molestiae dolorum.','1977-10-25 05:24:21'),(53,53,53,'Possimus quae sint rerum qui at non. Est aliquam aspernatur neque quia. Aut ut sed hic architecto autem accusamus qui. Praesentium eum placeat nisi neque esse aut.','2012-03-26 07:18:07'),(54,54,54,'Eos eum sed exercitationem adipisci unde aliquam quaerat in. Nihil mollitia excepturi beatae. Aut id quia a sed reiciendis fugiat voluptas.','2019-07-27 08:04:25'),(55,5,55,'Dolor assumenda officiis et distinctio iusto asperiores ea. Rerum reprehenderit repellat voluptas molestias consectetur et non libero. Amet saepe perspiciatis ut qui qui porro dolores. Rerum eligendi ducimus a et labore excepturi expedita.','1986-01-08 11:35:14'),(56,56,17,'Nisi voluptas aut est dolore doloremque dolores. Repellat et officiis non minima. Dolorem earum labore culpa culpa est. Sapiente dolor ratione ipsum voluptatibus et deserunt nisi.','1981-10-21 14:51:05'),(57,57,57,'Temporibus ex voluptate cum exercitationem rerum illum et. Facilis quis rerum omnis vel. Commodi totam et temporibus.','1986-05-14 02:23:02'),(58,17,58,'Voluptate magni quia cupiditate quos ex eveniet. Enim laudantium nisi placeat natus minus voluptatem. Omnis deleniti eos ratione quas iste atque. Amet ut et voluptatem sed voluptatem est quis.','1970-05-27 21:45:26'),(59,5,59,'Quia doloribus soluta maxime et est quo enim. Eum eos eligendi omnis quaerat doloremque aut. Impedit sed ratione perferendis assumenda. Minus sunt possimus labore labore magni est. Aut officia aut natus expedita at ea.','2006-06-16 05:57:09'),(60,60,60,'Dolores eaque doloribus sint debitis sit nostrum ut. Et voluptas quis eum nostrum deleniti aliquid. Inventore exercitationem et quam et. Consequatur consequatur et et culpa harum quod.','1970-08-16 07:33:56'),(61,61,17,'Accusantium quae neque consequatur blanditiis unde labore blanditiis. Sed eum consectetur ut et exercitationem. Dolorem sit consequatur debitis animi. Ea quidem labore magnam doloremque.','1973-04-03 18:39:21'),(62,62,62,'Ullam quas ea dicta omnis voluptatem. Sed qui aut dolorum et ad consequatur. Omnis officia ducimus consequatur distinctio sit.','1975-03-02 06:00:42'),(63,60,63,'Numquam nihil est et alias aut et quae alias. Harum voluptate dicta atque id. Qui eos ut fugiat animi sunt asperiores omnis non. Sed eos ut eligendi ducimus ratione non.','2016-10-23 07:33:37'),(64,5,64,'Aperiam fuga inventore omnis est nulla. Ipsum numquam sint ut ipsum ullam necessitatibus corrupti dolores. Fuga praesentium nulla quam sed rerum voluptatem.','2000-07-20 14:13:58'),(65,65,65,'Est doloribus magnam cupiditate exercitationem esse aliquid consequatur. Dolorum aut quia maiores molestiae et quis. Repellat et nam sint repudiandae. Iste vel qui facere accusamus possimus ut et.','1977-07-01 12:35:33'),(66,5,66,'Optio fugit ratione aut debitis numquam quia sapiente. Exercitationem laborum labore velit porro distinctio ipsum. Nostrum nisi ipsum quo numquam aliquam aut. Aut vitae in qui rem enim.','2008-03-13 03:48:50'),(67,67,2,'Necessitatibus debitis aspernatur inventore repudiandae quo commodi dolor. Accusamus magnam eveniet nihil nihil. Consequatur aut et dignissimos ut aliquid.','1987-09-23 23:24:19'),(68,19,68,'Nobis aspernatur expedita enim ipsa consequatur. Eos ab accusamus in et. Corrupti eveniet eius quos aut repellendus excepturi.','2000-10-24 12:13:36'),(69,69,69,'Officiis voluptatibus dolores voluptatibus sequi distinctio quidem quod id. Sed recusandae non quia sint et.','1984-02-08 06:45:49'),(70,69,70,'Dolor dolor et nulla voluptas. Et aperiam velit unde natus. Fugit cumque dolor veritatis et adipisci similique.','2000-07-30 07:20:35'),(71,71,71,'Illo dolor aperiam ullam voluptatem eum dolor. Aut placeat non iure facere vero sint.','2007-04-17 16:06:15'),(72,3,72,'Et consectetur omnis numquam fugiat. Earum totam voluptas facere exercitationem. Laboriosam itaque accusantium inventore ratione harum dolore veritatis. Impedit ducimus dicta ut eligendi commodi.','1993-12-12 14:22:29'),(73,73,3,'Harum veritatis vel provident inventore voluptas dolor. Consequatur quae ullam ipsam perferendis itaque sequi suscipit eligendi. Mollitia non rerum sint possimus consequatur cumque molestias.','1978-01-16 06:12:48'),(74,74,16,'Enim architecto maiores ad itaque asperiores natus. Ea eos eum quod. Earum omnis qui tenetur corporis. Inventore in sit dolores nihil numquam fugiat aperiam.','1991-06-24 17:44:15'),(75,6,75,'Totam quia consequatur ipsum eos sequi. Accusamus qui voluptatem ad voluptatem. Atque qui illum eos magni dolore. Rem voluptas sunt eos.','1986-10-27 06:40:33'),(76,76,4,'Est odit distinctio occaecati eos. Autem et quisquam maxime facilis unde. Id nesciunt nesciunt et nihil sit dolorum. Eligendi officiis aut labore sint dolor dolores.','2014-08-27 17:07:26'),(77,77,77,'Quasi voluptas velit voluptatem soluta explicabo repellat alias. Qui commodi est excepturi vero quos. Quisquam dolorem possimus commodi et. Aut non ducimus eaque voluptates velit rem dolor minus.','1986-10-08 22:01:25'),(78,78,78,'Minima eum quibusdam itaque qui corporis sed dolore. Dolores voluptatem doloribus fuga quos. Culpa consequuntur aut expedita nihil autem dignissimos. Sit numquam eaque consectetur autem odit esse repellendus. Omnis in veritatis amet libero.','1979-07-13 18:28:27'),(79,79,5,'Fugit nesciunt porro tempore temporibus. Qui labore a totam nostrum dignissimos sequi. Est mollitia sit minima nobis. Et recusandae optio et.','1976-04-04 16:20:08'),(80,80,80,'Mollitia maiores dolores autem sint ea eaque ab. Omnis sapiente velit voluptatem itaque nostrum hic quam expedita. Rerum sapiente iure dolore.','2001-05-02 22:30:26'),(81,1,30,'Fugit molestiae commodi pariatur atque ut occaecati quia. Quidem dolorum dolorem sunt reiciendis. In sunt doloribus deleniti ut debitis mollitia ex. Qui corporis ut consequatur optio. Voluptatem eligendi sequi rerum beatae saepe optio a.','1986-07-11 21:56:04'),(82,82,82,'Autem enim officiis rerum vel. Repudiandae mollitia sed expedita voluptas esse sed. Laborum exercitationem commodi illum est et sint voluptatem odit. Iusto architecto pariatur et ducimus laudantium.','1990-07-15 20:14:32'),(83,83,10,'Et dolorum laudantium quibusdam consequuntur architecto. Laboriosam et ex ipsum libero repellat saepe quasi. Occaecati qui possimus magnam magni.','1977-08-24 04:21:16'),(84,91,84,'Explicabo id minus consequatur et dolore qui. Quo ea sed quisquam est. Dignissimos voluptatem ad sint similique molestias. Exercitationem corporis est et at sit in.','1995-10-03 11:59:34'),(85,85,85,'Delectus veritatis rem dignissimos. Velit sit cumque quia repudiandae et quas.','1998-09-23 15:02:24'),(86,86,2,'Dignissimos quaerat doloremque est recusandae. Est consectetur harum esse tenetur est laudantium. Temporibus molestiae reiciendis maxime. Hic necessitatibus deleniti natus.','1992-09-07 22:10:36'),(87,87,87,'Placeat eveniet officiis vitae voluptatem ut. Quia et facere aperiam praesentium sunt. Perferendis quia voluptas explicabo rerum sint sit autem. Eum eos soluta numquam eius aspernatur corporis.','1974-12-02 05:07:44'),(88,4,88,'Placeat id quibusdam quis suscipit sed enim aspernatur. Nulla iusto sed ab blanditiis molestias ad. Non expedita maiores ab quod. Qui unde ipsam aspernatur sunt et expedita nulla.','2013-03-15 13:54:50'),(89,89,89,'Eos tempora esse impedit distinctio. Et natus aut ut voluptatem vel suscipit. Sunt eveniet aliquam laudantium eius et error. Voluptatibus quo voluptas et laborum.','1986-06-08 16:33:29'),(90,90,2,'Quos assumenda omnis harum quos facere voluptatem. Assumenda voluptas quae tenetur voluptate deserunt aut. Quam et consequatur ut vel commodi. Quos aspernatur necessitatibus pariatur excepturi non quisquam est. Et enim aut et hic totam magni facilis.','1987-05-01 07:39:00'),(91,91,30,'Nisi quo vero quos qui. Aut qui fugiat corporis ad. Et consectetur optio impedit unde soluta quis culpa adipisci.','2011-12-23 21:55:19'),(92,33,92,'Quia doloremque incidunt quo natus inventore sit vel. Soluta beatae consequuntur enim quisquam autem sed voluptatem. Voluptatem vitae quia tempore qui eos possimus omnis.','2013-08-28 14:26:08'),(93,93,93,'Tempore error nostrum quod assumenda illo reprehenderit. Quas facere ab et rerum maxime. Aut odit doloremque debitis qui. Quia libero repudiandae voluptatibus et asperiores qui quo.','1972-05-17 05:03:27'),(94,86,94,'Voluptatem tempora autem et sint. Voluptatem sunt aut ipsum et. Minima voluptates illo non minima et qui perspiciatis consectetur. Et est aut voluptas quibusdam rerum inventore.','2012-09-30 23:26:08'),(95,95,95,'Corporis aut est at quaerat rerum debitis. Animi qui asperiores ut voluptatem sequi aut. Recusandae et magni fugit. Est aut ab voluptatem alias enim odio repellendus.','2019-05-30 11:54:37'),(96,64,96,'Aut facilis id enim et est. Possimus mollitia harum sunt et aut possimus est.','1981-04-18 21:23:02'),(97,97,97,'Et excepturi eaque et. Unde eius hic blanditiis. Libero sit voluptatem officiis est blanditiis sed veniam iste. Dolorum quo numquam eum voluptate reprehenderit.','1988-07-23 03:19:15'),(98,86,98,'Eos quaerat nihil iure blanditiis dolores quis. Ratione et quia ea modi nobis. Impedit enim voluptatibus corporis laboriosam a.','1977-04-12 02:49:42'),(99,99,99,'Dolorum nihil necessitatibus sint et eum. Sint voluptatem vitae dolorem autem nostrum sit. Neque odit et harum ex.','1989-11-18 15:19:59'),(100,100,30,'Fugit eveniet autem eum. Qui et sit quasi atque sint at ipsa. Veniam est magnam est.','1975-01-04 04:54:04');
/*!40000 ALTER TABLE `messages` ENABLE KEYS */;
UNLOCK TABLES;

--
-- Table structure for table `photo_albums`
--

DROP TABLE IF EXISTS `photo_albums`;
/*!40101 SET @saved_cs_client     = @@character_set_client */;
/*!40101 SET character_set_client = utf8 */;
CREATE TABLE `photo_albums` (
  `id` bigint(20) unsigned NOT NULL AUTO_INCREMENT,
  `name` varchar(255) DEFAULT NULL,
  `user_id` bigint(20) unsigned DEFAULT NULL,
  PRIMARY KEY (`id`),
  UNIQUE KEY `id` (`id`),
  KEY `user_id` (`user_id`),
  CONSTRAINT `photo_albums_ibfk_1` FOREIGN KEY (`user_id`) REFERENCES `users` (`id`)
) ENGINE=InnoDB AUTO_INCREMENT=101 DEFAULT CHARSET=latin1;
/*!40101 SET character_set_client = @saved_cs_client */;

--
-- Dumping data for table `photo_albums`
--

LOCK TABLES `photo_albums` WRITE;
/*!40000 ALTER TABLE `photo_albums` DISABLE KEYS */;
INSERT INTO `photo_albums` VALUES (1,'cumque',1),(2,'maxime',2),(3,'sapiente',3),(4,'non',4),(5,'est',5),(6,'in',6),(7,'voluptatibus',7),(8,'nulla',8),(9,'accusantium',9),(10,'corporis',10),(11,'est',11),(12,'odit',12),(13,'et',13),(14,'laboriosam',14),(15,'omnis',15),(16,'beatae',16),(17,'nihil',17),(18,'a',18),(19,'dignissimos',19),(20,'iusto',20),(21,'voluptatum',21),(22,'earum',22),(23,'nulla',23),(24,'earum',24),(25,'ut',25),(26,'voluptatem',26),(27,'magni',27),(28,'aperiam',28),(29,'porro',29),(30,'et',30),(31,'adipisci',31),(32,'doloremque',32),(33,'veniam',33),(34,'ad',34),(35,'totam',35),(36,'voluptates',36),(37,'eum',37),(38,'esse',38),(39,'qui',39),(40,'libero',40),(41,'id',41),(42,'nemo',42),(43,'quam',43),(44,'omnis',44),(45,'ut',45),(46,'ullam',46),(47,'et',47),(48,'cum',48),(49,'velit',49),(50,'reprehenderit',50),(51,'veritatis',51),(52,'esse',52),(53,'voluptas',53),(54,'nulla',54),(55,'expedita',55),(56,'amet',56),(57,'ut',57),(58,'deserunt',58),(59,'nihil',59),(60,'est',60),(61,'hic',61),(62,'consectetur',62),(63,'minus',63),(64,'praesentium',64),(65,'consequuntur',65),(66,'iure',66),(67,'est',67),(68,'sunt',68),(69,'sint',69),(70,'enim',70),(71,'consequuntur',71),(72,'vel',72),(73,'consequatur',73),(74,'voluptatem',74),(75,'culpa',75),(76,'corrupti',76),(77,'asperiores',77),(78,'sed',78),(79,'asperiores',79),(80,'repellat',80),(81,'maiores',81),(82,'nihil',82),(83,'quis',83),(84,'cum',84),(85,'accusantium',85),(86,'voluptatum',86),(87,'ea',87),(88,'in',88),(89,'minima',89),(90,'quo',90),(91,'ut',91),(92,'voluptatem',92),(93,'est',93),(94,'adipisci',94),(95,'velit',95),(96,'expedita',96),(97,'dolores',97),(98,'maiores',98),(99,'ut',99),(100,'error',100);
/*!40000 ALTER TABLE `photo_albums` ENABLE KEYS */;
UNLOCK TABLES;

--
-- Table structure for table `photos`
--

DROP TABLE IF EXISTS `photos`;
/*!40101 SET @saved_cs_client     = @@character_set_client */;
/*!40101 SET character_set_client = utf8 */;
CREATE TABLE `photos` (
  `id` bigint(20) unsigned NOT NULL AUTO_INCREMENT,
  `album_id` bigint(20) unsigned NOT NULL,
  `media_id` bigint(20) unsigned NOT NULL,
  PRIMARY KEY (`id`),
  UNIQUE KEY `id` (`id`),
  KEY `album_id` (`album_id`),
  KEY `media_id` (`media_id`),
  CONSTRAINT `photos_ibfk_1` FOREIGN KEY (`album_id`) REFERENCES `photo_albums` (`id`),
  CONSTRAINT `photos_ibfk_2` FOREIGN KEY (`media_id`) REFERENCES `media` (`id`)
) ENGINE=InnoDB AUTO_INCREMENT=101 DEFAULT CHARSET=latin1;
/*!40101 SET character_set_client = @saved_cs_client */;

--
-- Dumping data for table `photos`
--

LOCK TABLES `photos` WRITE;
/*!40000 ALTER TABLE `photos` DISABLE KEYS */;
INSERT INTO `photos` VALUES (1,1,1),(2,2,2),(3,3,3),(4,4,4),(5,5,5),(6,6,6),(7,7,7),(8,8,8),(9,9,9),(10,10,10),(11,11,11),(12,12,12),(13,13,13),(14,14,14),(15,15,15),(16,16,16),(17,17,17),(18,18,18),(19,19,19),(20,20,20),(21,21,21),(22,22,22),(23,23,23),(24,24,24),(25,25,25),(26,26,26),(27,27,27),(28,28,28),(29,29,29),(30,30,30),(31,31,31),(32,32,32),(33,33,33),(34,34,34),(35,35,35),(36,36,36),(37,37,37),(38,38,38),(39,39,39),(40,40,40),(41,41,41),(42,42,42),(43,43,43),(44,44,44),(45,45,45),(46,46,46),(47,47,47),(48,48,48),(49,49,49),(50,50,50),(51,51,51),(52,52,52),(53,53,53),(54,54,54),(55,55,55),(56,56,56),(57,57,57),(58,58,58),(59,59,59),(60,60,60),(61,61,61),(62,62,62),(63,63,63),(64,64,64),(65,65,65),(66,66,66),(67,67,67),(68,68,68),(69,69,69),(70,70,70),(71,71,71),(72,72,72),(73,73,73),(74,74,74),(75,75,75),(76,76,76),(77,77,77),(78,78,78),(79,79,79),(80,80,80),(81,81,81),(82,82,82),(83,83,83),(84,84,84),(85,85,85),(86,86,86),(87,87,87),(88,88,88),(89,89,89),(90,90,90),(91,91,91),(92,92,92),(93,93,93),(94,94,94),(95,95,95),(96,96,96),(97,97,97),(98,98,98),(99,99,99),(100,100,100);
/*!40000 ALTER TABLE `photos` ENABLE KEYS */;
UNLOCK TABLES;

--
-- Table structure for table `profiles`
--

DROP TABLE IF EXISTS `profiles`;
/*!40101 SET @saved_cs_client     = @@character_set_client */;
/*!40101 SET character_set_client = utf8 */;
CREATE TABLE `profiles` (
  `user_id` bigint(20) unsigned NOT NULL AUTO_INCREMENT,
  `gender` char(1) DEFAULT NULL,
  `birthday` date DEFAULT NULL,
  `photo_id` bigint(20) unsigned DEFAULT NULL,
  `created_at` datetime DEFAULT CURRENT_TIMESTAMP,
  `hometown` varchar(100) DEFAULT NULL,
  PRIMARY KEY (`user_id`),
  UNIQUE KEY `user_id` (`user_id`),
  CONSTRAINT `profiles_ibfk_1` FOREIGN KEY (`user_id`) REFERENCES `users` (`id`) ON UPDATE CASCADE
) ENGINE=InnoDB AUTO_INCREMENT=101 DEFAULT CHARSET=latin1;
/*!40101 SET character_set_client = @saved_cs_client */;

--
-- Dumping data for table `profiles`
--

LOCK TABLES `profiles` WRITE;
/*!40000 ALTER TABLE `profiles` DISABLE KEYS */;
INSERT INTO `profiles` VALUES (1,'m','2015-11-21',1,'1992-01-22 06:43:55',NULL),(2,'f','1972-11-20',2,'1976-10-30 08:29:36',NULL),(3,'f','1976-03-02',3,'2010-09-09 06:26:16',NULL),(4,'f','1971-07-27',4,'1988-04-14 12:05:40',NULL),(5,'f','1997-10-16',5,'2006-03-02 04:07:08',NULL),(6,'f','1987-12-02',6,'2008-08-01 18:11:59',NULL),(7,'f','1990-11-05',7,'1995-07-01 19:56:26',NULL),(8,'f','2006-03-02',8,'1982-01-23 04:24:02',NULL),(9,'f','2014-02-09',9,'1982-01-18 21:55:08',NULL),(10,'f','1979-01-13',10,'1971-12-06 13:49:53',NULL),(11,'f','1977-04-04',11,'2004-02-26 12:27:15',NULL),(12,'f','2003-07-13',12,'1977-04-16 02:54:12',NULL),(13,'f','1996-03-16',13,'2002-11-02 22:15:24',NULL),(14,'f','2012-04-08',14,'2018-10-28 11:17:25',NULL),(15,'f','1999-01-09',15,'2015-11-10 15:37:17',NULL),(16,'f','1998-04-24',16,'2018-11-24 06:06:16',NULL),(17,'m','2013-05-09',17,'1974-02-25 19:13:27',NULL),(18,'m','2018-09-16',18,'1993-09-05 13:40:55',NULL),(19,'m','1971-09-18',19,'2006-09-26 17:44:46',NULL),(20,'m','2008-08-27',20,'1995-01-04 16:31:37',NULL),(21,'m','1979-03-11',21,'2015-10-13 17:28:36',NULL),(22,'m','2006-11-24',22,'1991-03-17 09:02:27',NULL),(23,'m','1981-07-31',23,'2002-09-18 21:55:38',NULL),(24,'m','1998-08-05',24,'1985-07-04 10:21:54',NULL),(25,'m','1973-01-24',25,'2002-05-14 23:08:41',NULL),(26,'m','1983-01-18',26,'2003-05-29 15:48:46',NULL),(27,'m','1987-12-02',27,'2014-11-02 23:01:42',NULL),(28,'m','2019-05-20',28,'1994-08-01 18:36:55',NULL),(29,'m','2011-05-13',29,'1999-04-05 11:12:31',NULL),(30,'m','1972-04-26',30,'1973-11-01 16:47:11',NULL),(31,'m','2010-06-01',31,'1984-06-23 23:41:15',NULL),(32,'m','2014-12-08',32,'2016-01-30 11:20:05',NULL),(33,'m','1996-05-23',33,'2010-12-14 16:53:19',NULL),(34,'m','1978-11-06',34,'2008-06-29 07:59:02',NULL),(35,'m','2018-05-12',35,'2018-10-05 17:53:45',NULL),(36,'m','1992-01-19',36,'2019-07-06 23:28:11',NULL),(37,'m','1979-11-22',37,'1986-07-14 08:39:10',NULL),(38,'m','1984-10-23',38,'2000-03-30 08:49:02',NULL),(39,'m','1983-09-29',39,'1996-10-27 15:17:19',NULL),(40,'m','1977-08-14',40,'1999-02-02 12:24:57',NULL),(41,'f','2001-05-23',41,'1993-02-22 06:35:14',NULL),(42,'m','1998-03-09',42,'1991-10-22 14:43:20',NULL),(43,'m','2016-06-03',43,'1972-07-17 20:58:13',NULL),(44,'m','1972-11-28',44,'2016-07-24 05:44:36',NULL),(45,'m','2015-11-04',45,'1970-05-23 00:02:16',NULL),(46,'m','2011-12-03',46,'1981-07-07 17:22:00',NULL),(47,'m','1994-01-01',47,'2016-05-12 21:13:34',NULL),(48,'m','1996-04-20',48,'1978-04-03 02:15:04',NULL),(49,'m','1974-12-14',49,'1990-08-12 06:30:44',NULL),(50,'m','2009-05-28',50,'1984-09-03 03:49:57',NULL),(51,'m','2010-11-30',51,'1976-10-19 17:57:56',NULL),(52,'m','2008-07-15',52,'1983-05-12 09:28:47',NULL),(53,'m','2000-02-29',53,'2003-07-12 06:36:43',NULL),(54,'m','1974-07-10',54,'2005-10-08 11:34:18',NULL),(55,'m','1983-03-11',55,'1991-01-06 06:58:37',NULL),(56,'m','2001-07-26',56,'2001-03-12 16:11:09',NULL),(57,'m','1999-03-09',57,'2009-01-18 02:26:12',NULL),(58,'m','1970-05-06',58,'2004-10-26 04:02:58',NULL),(59,'f','2012-01-25',59,'1990-04-10 15:50:42',NULL),(60,'f','2004-12-14',60,'1991-04-26 04:53:54',NULL),(61,'f','2010-07-02',61,'1979-03-15 19:53:44',NULL),(62,'f','1985-09-21',62,'1974-09-07 01:56:51',NULL),(63,'f','2005-11-27',63,'1979-08-21 14:12:49',NULL),(64,'f','1970-02-07',64,'1970-04-06 03:44:33',NULL),(65,'f','1980-12-26',65,'2010-06-22 13:49:22',NULL),(66,'f','2004-08-26',66,'1984-02-24 09:27:53',NULL),(67,'f','2013-10-07',67,'2019-02-25 12:55:01',NULL),(68,'f','2004-07-27',68,'2019-04-19 02:03:51',NULL),(69,'f','1979-07-22',69,'2000-11-09 07:54:54',NULL),(70,'f','1989-11-17',70,'2002-09-30 19:13:54',NULL),(71,'f','1999-12-06',71,'1999-10-16 05:24:28',NULL),(72,'f','1981-01-24',72,'1973-07-28 14:14:01',NULL),(73,'f','1975-10-09',73,'1987-02-19 15:18:59',NULL),(74,'f','2015-08-25',74,'2007-09-20 17:48:59',NULL),(75,'f','2007-07-13',75,'2002-09-29 00:53:26',NULL),(76,'f','1981-04-01',76,'1971-12-20 03:35:38',NULL),(77,'f','1990-04-03',77,'1973-02-02 14:58:44',NULL),(78,'f','2000-08-13',78,'1971-12-22 23:17:29',NULL),(79,'f','2013-01-15',79,'1997-04-19 01:46:21',NULL),(80,'f','1979-06-24',80,'1977-11-26 07:22:13',NULL),(81,'f','2011-07-26',81,'2020-02-10 16:31:12',NULL),(82,'f','1994-06-24',82,'1998-04-02 06:23:21',NULL),(83,'f','2003-05-08',83,'1997-12-20 10:29:01',NULL),(84,'m','2001-01-09',84,'2008-11-03 23:39:27',NULL),(85,'m','1979-03-29',85,'2004-03-24 04:28:18',NULL),(86,'m','2009-11-11',86,'1985-12-30 10:42:40',NULL),(87,'m','1984-04-02',87,'1971-04-11 01:08:33',NULL),(88,'m','1995-10-24',88,'2020-05-29 17:29:20',NULL),(89,'m','1989-01-04',89,'1981-10-20 18:17:56',NULL),(90,'m','2004-08-31',90,'2018-04-07 13:46:27',NULL),(91,'m','2013-06-19',91,'1995-10-24 21:19:05',NULL),(92,'m','2000-09-02',92,'1984-11-25 03:46:49',NULL),(93,'m','1979-06-16',93,'1992-05-25 17:06:23',NULL),(94,'m','2010-03-17',94,'1973-11-24 17:05:00',NULL),(95,'f','1989-04-10',95,'2010-11-29 15:26:36',NULL),(96,'f','2013-01-17',96,'2008-07-15 20:46:03',NULL),(97,'f','1988-11-07',97,'2019-11-10 07:17:47',NULL),(98,'f','2013-02-15',98,'1970-09-19 08:22:31',NULL),(99,'f','2008-10-29',99,'1984-04-11 00:34:30',NULL),(100,'f','1999-11-03',100,'1973-10-21 12:08:16',NULL);
/*!40000 ALTER TABLE `profiles` ENABLE KEYS */;
UNLOCK TABLES;

--
-- Table structure for table `users`
--

DROP TABLE IF EXISTS `users`;
/*!40101 SET @saved_cs_client     = @@character_set_client */;
/*!40101 SET character_set_client = utf8 */;
CREATE TABLE `users` (
  `id` bigint(20) unsigned NOT NULL AUTO_INCREMENT,
  `firstname` varchar(50) DEFAULT NULL,
  `lastname` varchar(50) DEFAULT NULL COMMENT '',
  `email` varchar(120) DEFAULT NULL,
  `phone` bigint(20) DEFAULT NULL,
  PRIMARY KEY (`id`),
  UNIQUE KEY `id` (`id`),
  UNIQUE KEY `email` (`email`),
  KEY `users_phone_idx` (`phone`),
  KEY `users_firstname_lastname_idx` (`firstname`,`lastname`)
) ENGINE=InnoDB AUTO_INCREMENT=101 DEFAULT CHARSET=latin1;
/*!40101 SET character_set_client = @saved_cs_client */;

--
-- Dumping data for table `users`
--

LOCK TABLES `users` WRITE;
/*!40000 ALTER TABLE `users` DISABLE KEYS */;
INSERT INTO `users` VALUES (1,'Ofelia','Hilpert','jammie.thompson@example.net',70737),(2,'Anderson','Nienow','lbalistreri@example.com',1),(3,'Mona','Hane','kelsi.pagac@example.com',0),(4,'Mikayla','Kemmer','erik10@example.net',92),(5,'Arvid','Mills','janis24@example.org',780475),(6,'Davion','Kreiger','herzog.destin@example.com',4605199920),(7,'Larue','Becker','khoppe@example.org',1),(8,'Estevan','Braun','gabrielle94@example.com',9160362850),(9,'Gretchen','Leffler','leanna14@example.org',951868),(10,'Enoch','Schinner','zieme.carlie@example.com',238),(11,'Angela','Rohan','qwiegand@example.com',0),(12,'Zena','Kuhn','yjakubowski@example.com',1),(13,'Isobel','Grant','kayden.hirthe@example.net',1),(14,'Eloy','Schulist','opal.swift@example.org',396568),(15,'River','Senger','crooks.lucio@example.org',92),(16,'Nikki','Gleason','johann.toy@example.org',8084431323),(17,'Eveline','Runolfsson','ritchie.jodie@example.net',0),(18,'Kattie','Bayer','tharris@example.org',0),(19,'Paul','Wuckert','kiarra.braun@example.com',61),(20,'Emmitt','Towne','araceli.raynor@example.org',0),(21,'Fannie','Schulist','mertz.keven@example.com',0),(22,'Rowena','Hyatt','leann.lynch@example.net',615824),(23,'Hassan','Batz','rodriguez.penelope@example.net',996940),(24,'Alysha','Larkin','wilbert44@example.net',8006409654),(25,'Lilla','Ullrich','minerva.mckenzie@example.net',882893),(26,'Valentin','Jacobson','herbert.stroman@example.org',38),(27,'Heber','Dickinson','coy06@example.org',788674),(28,'Emilie','Herzog','hermiston.willy@example.com',911011),(29,'Chelsie','Feeney','lisette95@example.net',7018990510),(30,'Margret','Cormier','sleffler@example.com',897403),(31,'Hubert','Bradtke','ollie41@example.net',1),(32,'Monroe','Graham','vbreitenberg@example.org',982),(33,'Bernardo','Klein','xdurgan@example.org',776),(34,'Jameson','Balistreri','kenneth71@example.net',803462),(35,'Lelah','Quigley','brooklyn.abshire@example.com',751883),(36,'Urban','Homenick','klittel@example.com',1),(37,'Tia','Rowe','fbrakus@example.net',1),(38,'Sim','Marks','golda44@example.org',0),(39,'Margarita','Rolfson','kay.towne@example.com',0),(40,'Eldred','Labadie','btillman@example.net',547748),(41,'Summer','Wiegand','hessel.iva@example.com',38),(42,'Sydni','King','esporer@example.net',0),(43,'Estell','Christiansen','ted.turcotte@example.com',1),(44,'Verda','Monahan','sydney.turcotte@example.net',1),(45,'Cecelia','Gibson','rkihn@example.com',981),(46,'Benton','Mueller','amya.volkman@example.com',82),(47,'Erick','Emmerich','nat.wyman@example.com',1),(48,'Maryam','O\'Reilly','eve97@example.com',0),(49,'Jordon','Becker','bauch.stefanie@example.com',984884),(50,'Myrna','Jenkins','heather79@example.org',0),(51,'Patsy','Larkin','frieda.kessler@example.org',839),(52,'Kaitlyn','Steuber','ibrahim.heaney@example.net',0),(53,'Deion','Howe','roob.maurine@example.com',324830),(54,'Sallie','Gulgowski','frederique.bernier@example.org',535712),(55,'Johnpaul','Boehm','mbaumbach@example.net',61479),(56,'Myriam','Kub','alicia81@example.org',0),(57,'Devan','Hegmann','wilton.grant@example.com',1),(58,'Alverta','Schinner','kellen24@example.net',1),(59,'Anabel','Goyette','miguel.hilll@example.org',619),(60,'Ruby','Orn','cremin.jaime@example.net',0),(61,'Garrison','Boehm','o\'conner.ella@example.net',409),(62,'Easton','Runolfsdottir','ypowlowski@example.com',1),(63,'Citlalli','Sanford','mmohr@example.com',0),(64,'Patrick','O\'Connell','anna.lynch@example.com',0),(65,'Kacie','Schmidt','vschroeder@example.org',0),(66,'Emmie','O\'Hara','zmcglynn@example.org',518),(67,'Courtney','Ruecker','marquardt.anna@example.net',8659081996),(68,'Astrid','Keebler','glover.adele@example.com',1),(69,'Earlene','Brown','eliezer39@example.org',94787),(70,'Euna','McLaughlin','bahringer.al@example.com',0),(71,'Janae','Schiller','louisa.ritchie@example.net',375),(72,'Estefania','Moen','darron67@example.com',75),(73,'Derick','Predovic','mueller.cole@example.com',739),(74,'Micheal','Ruecker','beatty.gudrun@example.net',0),(75,'Baby','Labadie','uorn@example.com',0),(76,'Javon','Tillman','lelah79@example.org',1),(77,'Merritt','Mitchell','troy47@example.com',949),(78,'Berenice','Keebler','tschuppe@example.com',1595419900),(79,'Zander','Waelchi','chadd61@example.net',46),(80,'Elian','DuBuque','okautzer@example.net',199563),(81,'Trent','Jenkins','beier.sarai@example.net',1),(82,'Olaf','Durgan','amya18@example.org',61988),(83,'Yasmeen','Crooks','aokuneva@example.org',9540761815),(84,'Cierra','McKenzie','kasey.tromp@example.org',996),(85,'Jacey','Bogan','ward01@example.com',867149),(86,'Faustino','Jerde','reece.ankunding@example.net',433),(87,'Kenyon','Eichmann','tbrakus@example.net',816),(88,'Adolf','Ortiz','tromp.ottilie@example.org',1),(89,'Valentine','Larkin','berta09@example.net',169410),(90,'Myah','Crona','hannah.connelly@example.com',367),(91,'Merle','Stracke','javier45@example.net',593851),(92,'Carrie','Dooley','beatty.stella@example.net',866991),(93,'Lenna','Lockman','zmills@example.com',1),(94,'Emmy','Waters','lucile70@example.org',865),(95,'Tara','Koepp','mireya46@example.org',0),(96,'Rudy','Hilpert','nicole.herman@example.net',119586),(97,'Maci','Hammes','satterfield.evelyn@example.net',883),(98,'Mae','Waelchi','chomenick@example.org',828310),(99,'Alejandra','Leuschke','lucious09@example.org',215891),(100,'Nyah','Runolfsson','maximo18@example.org',1);
/*!40000 ALTER TABLE `users` ENABLE KEYS */;
UNLOCK TABLES;

--
-- Table structure for table `users_communities`
--

DROP TABLE IF EXISTS `users_communities`;
/*!40101 SET @saved_cs_client     = @@character_set_client */;
/*!40101 SET character_set_client = utf8 */;
CREATE TABLE `users_communities` (
  `user_id` bigint(20) unsigned NOT NULL,
  `community_id` bigint(20) unsigned NOT NULL,
  PRIMARY KEY (`user_id`,`community_id`),
  KEY `community_id` (`community_id`),
  CONSTRAINT `users_communities_ibfk_1` FOREIGN KEY (`user_id`) REFERENCES `users` (`id`),
  CONSTRAINT `users_communities_ibfk_2` FOREIGN KEY (`community_id`) REFERENCES `communities` (`id`)
) ENGINE=InnoDB DEFAULT CHARSET=latin1;
/*!40101 SET character_set_client = @saved_cs_client */;

--
-- Dumping data for table `users_communities`
--

LOCK TABLES `users_communities` WRITE;
/*!40000 ALTER TABLE `users_communities` DISABLE KEYS */;
INSERT INTO `users_communities` VALUES (1,1),(2,2),(3,3),(4,4),(5,5),(6,6),(7,7),(8,8),(9,9),(10,10),(11,11),(12,12),(13,13),(14,14),(15,15),(16,16),(17,17),(18,18),(19,19),(20,20),(21,21),(22,22),(23,23),(24,24),(25,25),(26,26),(27,27),(28,28),(29,29),(30,30),(31,31),(32,32),(33,33),(34,34),(35,35),(36,36),(37,37),(38,38),(39,39),(40,40),(41,41),(42,42),(43,43),(44,44),(45,45),(46,46),(47,47),(48,48),(49,49),(50,50),(51,51),(52,52),(53,53),(54,54),(55,55),(56,56),(57,57),(58,58),(59,59),(60,60),(61,61),(62,62),(63,63),(64,64),(65,65),(66,66),(67,67),(68,68),(69,69),(70,70),(71,71),(72,72),(73,73),(74,74),(75,75),(76,76),(77,77),(78,78),(79,79),(80,80),(81,81),(82,82),(83,83),(84,84),(85,85),(86,86),(87,87),(88,88),(89,89),(90,90),(91,91),(92,92),(93,93),(94,94),(95,95),(96,96),(97,97),(98,98),(99,99),(100,100);
/*!40000 ALTER TABLE `users_communities` ENABLE KEYS */;
UNLOCK TABLES;
/*!40103 SET TIME_ZONE=@OLD_TIME_ZONE */;

/*!40101 SET SQL_MODE=@OLD_SQL_MODE */;
/*!40014 SET FOREIGN_KEY_CHECKS=@OLD_FOREIGN_KEY_CHECKS */;
/*!40014 SET UNIQUE_CHECKS=@OLD_UNIQUE_CHECKS */;
/*!40101 SET CHARACTER_SET_CLIENT=@OLD_CHARACTER_SET_CLIENT */;
/*!40101 SET CHARACTER_SET_RESULTS=@OLD_CHARACTER_SET_RESULTS */;
/*!40101 SET COLLATION_CONNECTION=@OLD_COLLATION_CONNECTION */;
/*!40111 SET SQL_NOTES=@OLD_SQL_NOTES */;

-- Dump completed on 2020-06-15 15:46:21
